_id,customer_id,name,email,nik
66a8991287c0e04ce60a25dc,1,Marcia Lubowitz Sr.,Etha79@yahoo.com,7085254798746771
66a8991287c0e04ce60a25dd,2,Randal Kutch,Ephraim_Von97@gmail.com,2824875639958514
66a8991287c0e04ce60a25de,3,Bill Dare,Floy.Sauer@yahoo.com,1804122287366125
66a8991287c0e04ce60a25df,4,Bert Bergstrom,Justus.Reynolds26@hotmail.com,8077404716362556
66a8991287c0e04ce60a25e0,5,Leroy Steuber DVM,Kailee.Barton22@gmail.com,6084320752157105
66a8991287c0e04ce60a25e1,6,Bobby Heathcote,Mya.Watsica72@gmail.com,5184114881687694
66a8991287c0e04ce60a25e2,7,Marcia Ward-Blanda,Keara_Quigley@gmail.com,6712157347549995
66a8991287c0e04ce60a25e3,8,Heidi Leuschke,Brannon39@hotmail.com,2725919623755746
66a8991287c0e04ce60a25e4,9,Eunice Johnson,Rigoberto50@hotmail.com,3602413793818818
66a8991287c0e04ce60a25e5,10,Sharon Crona,Malika64@gmail.com,5964357656323247
66a8991287c0e04ce60a25e6,11,Brent Adams,Alec.Graham@hotmail.com,1193676973796553
66a8991287c0e04ce60a25e7,12,Howard Heller,Matilda_Herzog@gmail.com,8574877385463979
66a8991287c0e04ce60a25e8,13,Josephine Wisoky,Charlene.Feest@hotmail.com,8617241643369198
66a8991287c0e04ce60a25e9,14,Edmund Kunze,Burley_Anderson-Gleichner@yahoo.com,4661165324764119
66a8991287c0e04ce60a25ea,15,Stanley Keeling,Tamia37@hotmail.com,8394626792934206
66a8991287c0e04ce60a25eb,16,Jody Heidenreich-Veum,Sandy_Hoppe@hotmail.com,4007728648268514
66a8991287c0e04ce60a25ec,17,Kristie Nolan,Alisha.Cartwright15@yahoo.com,6688652409033643
66a8991287c0e04ce60a25ed,18,Cameron Parker,Gunnar.Flatley54@yahoo.com,9940457890431086
66a8991287c0e04ce60a25ee,19,Mr. Walter Williamson,Aniya_Labadie87@hotmail.com,8949626884940598
66a8991287c0e04ce60a25ef,20,Darrell Krajcik,Pasquale_Boyle-Klocko@yahoo.com,1370399120367235
66a8991287c0e04ce60a25f0,21,Rufus Thiel,Mckayla29@hotmail.com,6435660285254319
66a8991287c0e04ce60a25f1,22,Amanda Morar Sr.,Ransom_Rice34@hotmail.com,3730414772613181
66a8991287c0e04ce60a25f2,23,Carl Weimann,Bailee26@yahoo.com,7842186571409305
66a8991287c0e04ce60a25f3,24,Edmond Fadel III,Giuseppe_Ondricka42@gmail.com,9159014636857642
66a8991287c0e04ce60a25f4,25,Kara Walker,Edison_Harber@gmail.com,9874994918290112
66a8991287c0e04ce60a25f5,26,Dr. Pat Carroll-Hauck DVM,Asia_Schiller62@gmail.com,6982156234896845
66a8991287c0e04ce60a25f6,27,Johnnie MacGyver,Mckayla_Parisian36@hotmail.com,4503595851775672
66a8991287c0e04ce60a25f7,28,Kristin Senger I,Jedediah18@yahoo.com,3768213848686880
66a8991287c0e04ce60a25f8,29,Robin Zemlak-Koch,Berenice44@gmail.com,3774817869481113
66a8991287c0e04ce60a25f9,30,Kristopher Abernathy,Molly_Nolan@yahoo.com,9670417962802780
66a8991287c0e04ce60a25fa,31,Matthew Crist,Caden.Altenwerth27@hotmail.com,9725203735546932
66a8991287c0e04ce60a25fb,32,Ms. Alison Becker,Laisha_Lowe@gmail.com,7748944256454706
66a8991287c0e04ce60a25fc,33,Billy Rohan,Ara_Herman@gmail.com,9364104020512766
66a8991287c0e04ce60a25fd,34,Jeffrey Dach,Ken.Wilderman@yahoo.com,9448459943135580
66a8991287c0e04ce60a25fe,35,Bethany Kerluke,Jayne_Mertz@hotmail.com,9080190511627330
66a8991287c0e04ce60a25ff,36,Colleen Donnelly I,Clint.Schuppe50@hotmail.com,7683643233031034
66a8991287c0e04ce60a2600,37,Kristie Roob,Shad71@hotmail.com,5511647874696387
66a8991287c0e04ce60a2601,38,Betsy Hills,Elyse44@gmail.com,2405440203017658
66a8991287c0e04ce60a2602,39,Nadine Schiller,Wyman8@hotmail.com,9011849276721476
66a8991287c0e04ce60a2603,40,Paula Swaniawski,Sadie11@hotmail.com,3333654830025302
66a8991287c0e04ce60a2604,41,Eddie Towne,Eugenia9@yahoo.com,4342648751205868
66a8991287c0e04ce60a2605,42,Tara Kris,Camila.Stamm92@gmail.com,7484863179011477
66a8991287c0e04ce60a2606,43,Patricia Reichert,Anne_Lindgren@gmail.com,9058732957475716
66a8991287c0e04ce60a2607,44,Dr. Noel Medhurst,Odessa94@hotmail.com,3457159257183472
66a8991287c0e04ce60a2608,45,Nellie McGlynn,Ronny7@hotmail.com,8174875136464834
66a8991287c0e04ce60a2609,46,Leticia Koss,Harvey_Vandervort@yahoo.com,1431551165878772
66a8991287c0e04ce60a260a,47,Jimmy Quigley,Katelin.Greenfelder58@yahoo.com,8014998483575053
66a8991287c0e04ce60a260b,48,Miss Antoinette Volkman,Madie_Mohr@gmail.com,4125124644488096
66a8991287c0e04ce60a260c,49,Milton Welch,Shanon_Schamberger4@yahoo.com,3683202893783648
66a8991287c0e04ce60a260d,50,Betsy Lemke,Gerda_Maggio13@yahoo.com,1302396777189440
66a8991287c0e04ce60a260e,51,Lynn Runolfsson,Regan.Dare@hotmail.com,3753104232665565
66a8991287c0e04ce60a260f,52,Luke Conroy,Dock_Grant87@hotmail.com,8399167185028394
66a8991287c0e04ce60a2610,53,Rudolph Turcotte,Kristofer.Maggio@gmail.com,6255014855414629
66a8991287c0e04ce60a2611,54,Spencer Hegmann-Deckow III,Emmitt_Lueilwitz57@yahoo.com,5658168749262889
66a8991287c0e04ce60a2612,55,Peggy Deckow,Herman_Harvey61@hotmail.com,5639035434772571
66a8991287c0e04ce60a2613,56,Kendra Ritchie,Geovany.Waters@gmail.com,8429485327667660
66a8991287c0e04ce60a2614,57,Victoria Schowalter MD,Lauriane52@gmail.com,2287316225055191
66a8991287c0e04ce60a2615,58,Dr. Harold Wisoky,Adrianna_Upton88@gmail.com,4530067330019342
66a8991287c0e04ce60a2616,59,Arnold Blanda,Robert49@hotmail.com,3932484878847996
66a8991287c0e04ce60a2617,60,Brian Mraz,Chaz.Schroeder@gmail.com,9298527565681272
66a8991287c0e04ce60a2618,61,Gordon Kihn,Samson59@hotmail.com,6971474678979980
66a8991287c0e04ce60a2619,62,Ismael Gusikowski,Lewis.MacGyver95@hotmail.com,3951761395566993
66a8991287c0e04ce60a261a,63,Gloria Padberg,Palma_Hand55@hotmail.com,6070066791855627
66a8991287c0e04ce60a261b,64,Kendra Heidenreich,Hubert.Heidenreich27@gmail.com,9134082732101280
66a8991287c0e04ce60a261c,65,Rosemary Rempel,Jarrod.Littel@gmail.com,6292939835952388
66a8991287c0e04ce60a261d,66,Carla Towne,Elna93@yahoo.com,8217103990415732
66a8991287c0e04ce60a261e,67,Johanna Pfeffer,Claud74@gmail.com,3157733084840907
66a8991287c0e04ce60a261f,68,Alvin Corkery,Kristian41@yahoo.com,8136479689015283
66a8991287c0e04ce60a2620,69,Mattie Quigley,Brando.Quitzon40@yahoo.com,6082536116656330
66a8991287c0e04ce60a2621,70,Lucy Rosenbaum,Maynard.Goyette19@yahoo.com,8485727523350053
66a8991287c0e04ce60a2622,71,Rolando Kutch,Orlando.Conn@hotmail.com,2908712197095156
66a8991287c0e04ce60a2623,72,Mr. Pablo Hauck,June_Davis90@yahoo.com,1451668108089102
66a8991287c0e04ce60a2624,73,Julian Koelpin,David.Feil@hotmail.com,7612361361583074
66a8991287c0e04ce60a2625,74,Loren Smith,Jess_Rosenbaum30@gmail.com,1914951712307002
66a8991287c0e04ce60a2626,75,Penny Von,Alta19@hotmail.com,4819488589548402
66a8991287c0e04ce60a2627,76,Erin Bergstrom,Abel17@yahoo.com,7666030234346787
66a8991287c0e04ce60a2628,77,Alexandra Leuschke,Reggie84@yahoo.com,4783201399776670
66a8991287c0e04ce60a2629,78,Verna Bailey,Bret.McClure21@yahoo.com,3039328907099035
66a8991287c0e04ce60a262a,79,Miss Jessica Mraz DVM,Santina_Brekke31@hotmail.com,7498807482835319
66a8991287c0e04ce60a262b,80,Dr. Sherman Thiel,Antonio6@hotmail.com,2528700814065006
66a8991287c0e04ce60a262c,81,Roland King,Ozella20@gmail.com,6204986640562614
66a8991287c0e04ce60a262d,82,Dorothy Klocko DDS,Quincy37@yahoo.com,4580314658168290
66a8991287c0e04ce60a262e,83,Freda Carter,Doyle.Turcotte@yahoo.com,1783876191410753
66a8991287c0e04ce60a262f,84,Percy Stanton,Ruben77@gmail.com,8340705059882667
66a8991287c0e04ce60a2630,85,Johnnie Romaguera,Dell75@yahoo.com,9473225105967788
66a8991287c0e04ce60a2631,86,Guadalupe Gottlieb,Edmond78@gmail.com,1237521989064084
66a8991287c0e04ce60a2632,87,Mary Ward Jr.,Carmen_Lakin@hotmail.com,4707716852426529
66a8991287c0e04ce60a2633,88,Monique McDermott,Brady_Klein@gmail.com,2993195510158936
66a8991287c0e04ce60a2634,89,Eugene Kuhic,Antwon.Fay@hotmail.com,5299493037164211
66a8991287c0e04ce60a2635,90,Erika Maggio II,Chance_Bechtelar@yahoo.com,3696963931951258
66a8991287c0e04ce60a2636,91,Lora Cartwright,Glen.Prosacco23@hotmail.com,3940384727385309
66a8991287c0e04ce60a2637,92,Eddie Stroman,Norbert_Farrell41@yahoo.com,3552457845459381
66a8991287c0e04ce60a2638,93,Michele Schmitt,Mose.Senger@yahoo.com,6992432342635261
66a8991287c0e04ce60a2639,94,Wade Bashirian-Rau,Adela.Rosenbaum@gmail.com,7440469782385561
66a8991287c0e04ce60a263a,95,Dan Dickens,Nelson.Runolfsdottir@hotmail.com,1286636191523737
66a8991287c0e04ce60a263b,96,Floyd VonRueden,Marcella_Treutel@gmail.com,7192928110145860
66a8991287c0e04ce60a263c,97,Nellie Swaniawski,Ewell_Moen47@gmail.com,4747145097288820
66a8991287c0e04ce60a263d,98,Helen Mraz,Cora.Ward@gmail.com,9185379710462358
66a8991287c0e04ce60a263e,99,Gilberto Reichert,Robin_Medhurst75@gmail.com,3388773910701275
66a8991287c0e04ce60a263f,100,Julia Schoen,Trey_Ondricka-Stokes98@hotmail.com,8270362439668841
66a8991287c0e04ce60a2640,101,Billy Swaniawski-Leannon,Katarina98@yahoo.com,9018245192451608
66a8991287c0e04ce60a2641,102,Karen Hermann,Easton91@yahoo.com,8525274834699101
66a8991287c0e04ce60a2642,103,Tami Dickinson-Barton,Johathan_Dach@hotmail.com,3814833549161752
66a8991287c0e04ce60a2643,104,Owen Braun-Ankunding DDS,Scottie.Farrell@yahoo.com,5213835506389538
66a8991287c0e04ce60a2644,105,Virgil Cummerata,Jovan.Zulauf86@yahoo.com,7749826765308777
66a8991287c0e04ce60a2645,106,Andres Baumbach,Abe_Weimann13@gmail.com,8778945971280336
66a8991287c0e04ce60a2646,107,Eleanor Rau,Alvis_OKon@hotmail.com,5177182153695160
66a8991287c0e04ce60a2647,108,Wilson Leannon,Laverne93@hotmail.com,8237836969395479
66a8991287c0e04ce60a2648,109,Elijah Marvin,Zola_Blanda77@yahoo.com,5656081318027443
66a8991287c0e04ce60a2649,110,Katherine Strosin,Mya22@hotmail.com,2900403156462643
66a8991287c0e04ce60a264a,111,Terrell Mueller,Corrine64@hotmail.com,6585102433131801
66a8991287c0e04ce60a264b,112,Doyle Morissette,Jayde16@hotmail.com,9605646948847506
66a8991287c0e04ce60a264c,113,Dr. Neal Runte,Luisa.Bode@gmail.com,8588192690577772
66a8991287c0e04ce60a264d,114,Rene Abernathy,Emmy_Cummings@hotmail.com,5176815872804986
66a8991287c0e04ce60a264e,115,Shane Durgan,Jonatan.Kuhic32@yahoo.com,7606605516953601
66a8991287c0e04ce60a264f,116,Lois Waelchi,Eladio.Glover52@yahoo.com,4551210016426113
66a8991287c0e04ce60a2650,117,Shelley Herman,Rosie_Waelchi@hotmail.com,6452933535393741
66a8991287c0e04ce60a2651,118,Eileen Willms,Annalise51@hotmail.com,6226027587221728
66a8991287c0e04ce60a2652,119,Mr. Evan McCullough,Flossie_Treutel@yahoo.com,3642537461386786
66a8991287c0e04ce60a2653,120,Frederick Bradtke,Carole.Beahan@yahoo.com,9429337630669276
66a8991287c0e04ce60a2654,121,Susie Becker,Lyda_Mante31@yahoo.com,5086993804822366
66a8991287c0e04ce60a2655,122,Kendra Kuvalis,Jaydon65@gmail.com,3279309945387973
66a8991287c0e04ce60a2656,123,Gretchen Ebert,Tony81@hotmail.com,4151723523520761
66a8991287c0e04ce60a2657,124,Mr. Roy Kling DDS,Melissa99@gmail.com,8878735490143299
66a8991287c0e04ce60a2658,125,Phillip Haag-Rosenbaum,Russell_Abshire35@hotmail.com,5408614087435934
66a8991287c0e04ce60a2659,126,Renee Lubowitz-Considine,Jasper.Bogisich58@hotmail.com,2401362036665280
66a8991287c0e04ce60a265a,127,Johnathan Thompson,Olin.Jaskolski17@gmail.com,9963015682167476
66a8991287c0e04ce60a265b,128,Lindsay Emmerich,Stanley76@gmail.com,8268964514136314
66a8991287c0e04ce60a265c,129,Mr. Justin Anderson,Chadrick_Ferry@yahoo.com,2084158549292220
66a8991287c0e04ce60a265d,130,Miss Bernadette Koepp,Pattie.Reichert57@hotmail.com,4738607555627823
66a8991287c0e04ce60a265e,131,Paul Pollich,Kaleigh.Metz@gmail.com,2510667513642046
66a8991287c0e04ce60a265f,132,Bertha Braun,Kenny_Hoeger31@yahoo.com,1538195618324809
66a8991287c0e04ce60a2660,133,Dr. Sammy Mayer,Kory_King@gmail.com,2550944625917408
66a8991287c0e04ce60a2661,134,Kelvin Hamill,Scarlett_Douglas89@yahoo.com,4054826684296131
66a8991287c0e04ce60a2662,135,Philip Johnston,Sienna.Gleason13@yahoo.com,6175925013505750
66a8991287c0e04ce60a2663,136,Ruth DuBuque-Maggio Jr.,Richard52@gmail.com,6227819801618655
66a8991287c0e04ce60a2664,137,Dr. Joan Russel,Hayden_Abernathy@yahoo.com,5272132826762067
66a8991287c0e04ce60a2665,138,Tommy Cole II,Tania.Barton@gmail.com,5133620005928808
66a8991287c0e04ce60a2666,139,Rita Thiel,Linda_Koch48@gmail.com,4631810349722703
66a8991287c0e04ce60a2667,140,Caroline Crona,Dejah_Bailey36@yahoo.com,7813059060523907
66a8991287c0e04ce60a2668,141,Angie Kirlin,Carolina.Welch@yahoo.com,2712686659975184
66a8991287c0e04ce60a2669,142,Faith Kutch I,Tess_Torphy98@yahoo.com,8180817779567507
66a8991287c0e04ce60a266a,143,Van Crooks,Camylle46@hotmail.com,3427538014948368
66a8991287c0e04ce60a266b,144,Cindy Willms,Nathen.Kris@yahoo.com,9536745958030224
66a8991287c0e04ce60a266c,145,Danny Boyer,Frankie64@hotmail.com,5182853117585182
66a8991287c0e04ce60a266d,146,Mindy Johnston,Tabitha64@hotmail.com,4547366833107339
66a8991287c0e04ce60a266e,147,Iris Auer,Elva23@yahoo.com,5772860524141126
66a8991287c0e04ce60a266f,148,Kim Miller,Luis35@hotmail.com,4267555870529678
66a8991287c0e04ce60a2670,149,Santos Balistreri,Tess_Runolfsdottir44@gmail.com,6080917295896345
66a8991287c0e04ce60a2671,150,Bob Ward,Anjali17@hotmail.com,9409596530927552
66a8991287c0e04ce60a2672,151,Dorothy Padberg,Chasity.McGlynn@yahoo.com,9106589145958424
66a8991287c0e04ce60a2673,152,Sylvia Labadie,Stephen82@yahoo.com,9145647589531210
66a8991287c0e04ce60a2674,153,Robyn Fahey,Eleanore.Macejkovic@gmail.com,5315910714368026
66a8991287c0e04ce60a2675,154,Brenda Jaskolski,Annabelle31@hotmail.com,8836596223215262
66a8991287c0e04ce60a2676,155,Sheri Jenkins,Rollin_Johnson46@yahoo.com,9228248927328322
66a8991287c0e04ce60a2677,156,Minnie Schumm,Jaylan_Leffler@hotmail.com,5455671221845680
66a8991287c0e04ce60a2678,157,Terrance Gibson,Betty.Jakubowski@hotmail.com,8068855146153106
66a8991287c0e04ce60a2679,158,Rex Kunze,Martin_Wiza28@gmail.com,5570756706098716
66a8991287c0e04ce60a267a,159,Bryant Wiegand,Nels_Gerhold@yahoo.com,1348702957232793
66a8991287c0e04ce60a267b,160,Alvin Kutch,Ansel.Shanahan68@hotmail.com,1728078114489714
66a8991287c0e04ce60a267c,161,Seth Pollich,Maribel21@gmail.com,2461882693072160
66a8991287c0e04ce60a267d,162,Sonya Bode,Mafalda.Connelly@hotmail.com,9768865292684900
66a8991287c0e04ce60a267e,163,Allan Lindgren III,Marcella.Pacocha@gmail.com,6225968297157023
66a8991287c0e04ce60a267f,164,Sylvia Hartmann,Sofia_Jacobson@gmail.com,3032228321664863
66a8991287c0e04ce60a2680,165,Bonnie Wyman III,Marjolaine_Daniel2@yahoo.com,7092990099141995
66a8991287c0e04ce60a2681,166,Craig Ondricka,Reanna.Lang@yahoo.com,6701764050457213
66a8991287c0e04ce60a2682,167,Michelle Stokes,Esta_Ullrich@hotmail.com,9090185477915736
66a8991287c0e04ce60a2683,168,Duane Kessler,Leland_Kreiger@hotmail.com,8653123130400976
66a8991287c0e04ce60a2684,169,Clifford Ledner,Theron2@hotmail.com,3755470621916983
66a8991287c0e04ce60a2685,170,Ebony Graham,Carley.Gutkowski98@gmail.com,9404824403011136
66a8991287c0e04ce60a2686,171,Heidi Rau V,Pierce24@gmail.com,9704705207712120
66a8991287c0e04ce60a2687,172,Dr. Cornelius Zulauf,Bessie.Sauer@gmail.com,2601996581587526
66a8991287c0e04ce60a2688,173,Chad Cassin,Malcolm.Armstrong@yahoo.com,1498085786071088
66a8991287c0e04ce60a2689,174,April Lynch,Sheridan.Cassin-Mante@gmail.com,9562818608764144
66a8991287c0e04ce60a268a,175,Mildred Runte,Jermain_Anderson33@hotmail.com,2263608028491338
66a8991287c0e04ce60a268b,176,Mable Quitzon,Eriberto_Schroeder-Little@hotmail.com,4404487198011742
66a8991287c0e04ce60a268c,177,Inez Balistreri,Brian_Reinger6@yahoo.com,8816543780267239
66a8991287c0e04ce60a268d,178,Mrs. Kelli Erdman,Dante6@gmail.com,6011167183104489
66a8991287c0e04ce60a268e,179,Teresa Bernhard,River.Willms@yahoo.com,1397481840103864
66a8991287c0e04ce60a268f,180,Dr. Stella Hayes,Percy7@gmail.com,5724254635473092
66a8991287c0e04ce60a2690,181,Eduardo Hansen,Jerrold67@gmail.com,9090127700732814
66a8991287c0e04ce60a2691,182,Josh Corwin,Terry66@hotmail.com,3099717470920748
66a8991287c0e04ce60a2692,183,Angie Blick,Lexi1@yahoo.com,3877982139173481
66a8991287c0e04ce60a2693,184,Joanna Crist,Titus_Rippin78@gmail.com,3196118571278122
66a8991287c0e04ce60a2694,185,Christian Rogahn,Lysanne84@gmail.com,3513156610230604
66a8991287c0e04ce60a2695,186,Javier Abernathy,Sadye27@hotmail.com,1407551974472072
66a8991287c0e04ce60a2696,187,Traci Mayert,Jennie.Smith-Batz45@gmail.com,8574286051508453
66a8991287c0e04ce60a2697,188,Dr. Saul Bosco,Carley.Morissette@yahoo.com,5286531433877018
66a8991287c0e04ce60a2698,189,Mr. Wilson Beatty,Carter.Lockman-Feeney@gmail.com,3196279027809699
66a8991287c0e04ce60a2699,190,Miss Michele Lowe,Randi.Kuhn49@hotmail.com,2674756681339608
66a8991287c0e04ce60a269a,191,Joan Glover,Ova71@gmail.com,2419320936832163
66a8991287c0e04ce60a269b,192,Ms. Heather Wolff,Roy.Terry23@yahoo.com,4578649801098638
66a8991287c0e04ce60a269c,193,Diane Moore-Carter,Lemuel.Paucek19@gmail.com,2109967364619175
66a8991287c0e04ce60a269d,194,Margie Murray,Bernhard.DuBuque@yahoo.com,1438553565078311
66a8991287c0e04ce60a269e,195,Alison Runolfsson,Milo_Ebert73@hotmail.com,5685147814866569
66a8991287c0e04ce60a269f,196,Jessie Pfeffer,Sammie91@hotmail.com,5711262443413337
66a8991287c0e04ce60a26a0,197,Sheryl Hackett I,Tobin_Spencer20@hotmail.com,4662191497368945
66a8991287c0e04ce60a26a1,198,Alejandro Bosco,Candelario.Gusikowski14@yahoo.com,5286427785952886
66a8991287c0e04ce60a26a2,199,Stacy Grant,Makenna_Rath93@hotmail.com,5694144103262160
66a8991287c0e04ce60a26a3,200,Ray Schmitt,Meggie_Flatley@gmail.com,1501721021615796
66a8991287c0e04ce60a26a4,201,Faye Wehner,Devonte_Wilderman@yahoo.com,9607414510101080
66a8991287c0e04ce60a26a5,202,Ellen Haley,Hubert.Berge85@yahoo.com,9267467012008032
66a8991287c0e04ce60a26a6,203,Rufus Zieme,Irma_Gorczany88@yahoo.com,3013856920103232
66a8991287c0e04ce60a26a7,204,Mr. Marcus Crooks,Eino71@hotmail.com,1578739498638444
66a8991287c0e04ce60a26a8,205,Olivia Kuphal,Douglas_OKeefe1@gmail.com,6955389500492149
66a8991287c0e04ce60a26a9,206,Cedric Dach,Dewayne_Bahringer49@hotmail.com,9621712137013674
66a8991287c0e04ce60a26aa,207,Bennie Beatty-Daugherty,Casimir.Sporer-Smitham@yahoo.com,7299273312091827
66a8991287c0e04ce60a26ab,208,Becky Dietrich,Brisa_Considine53@yahoo.com,8462606393214729
66a8991287c0e04ce60a26ac,209,Sylvia Metz,Manuela10@hotmail.com,4290807874252398
66a8991287c0e04ce60a26ad,210,Leona Lynch,Wilhelmine_Walter@gmail.com,8110357392579317
66a8991287c0e04ce60a26ae,211,Jennie Maggio,Isom15@hotmail.com,9139142139918274
66a8991287c0e04ce60a26af,212,Dr. Milton Armstrong,Houston21@gmail.com,2108894505848487
66a8991287c0e04ce60a26b0,213,Dr. Jay Corkery,Adolph.Kemmer@hotmail.com,4461838524374697
66a8991287c0e04ce60a26b1,214,Everett Mitchell,Timothy_Tillman@yahoo.com,6493214306732019
66a8991287c0e04ce60a26b2,215,Marta Kohler-Feeney,Tyreek33@gmail.com,5012066976891624
66a8991287c0e04ce60a26b3,216,Terry Barrows,Minnie_Kshlerin67@hotmail.com,2380748958223396
66a8991287c0e04ce60a26b4,217,Brittany Reichert,Bernie83@hotmail.com,3874708931479189
66a8991287c0e04ce60a26b5,218,Fernando Luettgen DDS,Briana.Koepp@yahoo.com,8895552928249041
66a8991287c0e04ce60a26b6,219,Lewis Wiegand,Dedric_Powlowski97@gmail.com,8842485797488027
66a8991287c0e04ce60a26b7,220,Jacob Lind,Alexandro_Goodwin@hotmail.com,9311830637355644
66a8991287c0e04ce60a26b8,221,Christie Toy,Kory_Wunsch@yahoo.com,2005095790243811
66a8991287c0e04ce60a26b9,222,Roy Kuhic,Elvis.Sauer@yahoo.com,9304888830002812
66a8991287c0e04ce60a26ba,223,Eloise Streich,Claudine66@gmail.com,2509270252452956
66a8991287c0e04ce60a26bb,224,Audrey O'Keefe,Philip24@yahoo.com,1772023000650935
66a8991287c0e04ce60a26bc,225,Miss Crystal Kuhlman,Noble.Larkin36@yahoo.com,8951763641089201
66a8991287c0e04ce60a26bd,226,Van White MD,Francesca_Kuvalis@yahoo.com,2499582786113024
66a8991287c0e04ce60a26be,227,Steven O'Reilly,Tod33@yahoo.com,1597800470060772
66a8991287c0e04ce60a26bf,228,Lee Fritsch,Jarod_Beer@gmail.com,3048344956090053
66a8991287c0e04ce60a26c0,229,Walter Hegmann-Gleason,Brian.Jerde@yahoo.com,9999252286636168
66a8991287c0e04ce60a26c1,230,Peter Terry Jr.,Corbin.Effertz@hotmail.com,1440356034371588
66a8991287c0e04ce60a26c2,231,Beatrice Kreiger,Amy65@hotmail.com,8652762812044885
66a8991287c0e04ce60a26c3,232,Miss Marguerite Mann,Kayley22@yahoo.com,1346342727128002
66a8991287c0e04ce60a26c4,233,Dana Stanton,Kay6@gmail.com,6010223465661208
66a8991287c0e04ce60a26c5,234,Gerald Kunde,Frida.McCullough11@gmail.com,9735914584663180
66a8991287c0e04ce60a26c6,235,Roderick Cartwright,Celine_Watsica@gmail.com,5012544890244802
66a8991287c0e04ce60a26c7,236,Molly Terry V,Natalie.VonRueden@gmail.com,3265915835897128
66a8991287c0e04ce60a26c8,237,Regina Krajcik,Ellen_Sauer66@gmail.com,1215568499432669
66a8991287c0e04ce60a26c9,238,Gina Tillman,Ruby.Klein@hotmail.com,4195583485480812
66a8991287c0e04ce60a26ca,239,Sean Cronin,Katelyn_Baumbach@gmail.com,6686393908328480
66a8991287c0e04ce60a26cb,240,Lorenzo Oberbrunner,Rhiannon_Deckow11@yahoo.com,4002588492714696
66a8991287c0e04ce60a26cc,241,Vickie Homenick I,Dock57@hotmail.com,7672660412887732
66a8991287c0e04ce60a26cd,242,Eloise Kuvalis-Ortiz,Anabelle_Little93@gmail.com,2279529544628329
66a8991287c0e04ce60a26ce,243,Marie Goyette,Cristian.Hoppe6@yahoo.com,7153410992274682
66a8991287c0e04ce60a26cf,244,Miranda Bruen,Adrianna72@gmail.com,4939363843037022
66a8991287c0e04ce60a26d0,245,Margie Thiel,Rosemary88@gmail.com,8201836208916373
66a8991287c0e04ce60a26d1,246,Dr. Violet Lebsack DDS,Jonathan93@hotmail.com,3571109995245933
66a8991287c0e04ce60a26d2,247,Ms. Lee Greenholt,Josefina.Lemke42@hotmail.com,6156495155559646
66a8991287c0e04ce60a26d3,248,Philip O'Hara,Frida.Boehm@gmail.com,4407777003943920
66a8991287c0e04ce60a26d4,249,Eric Stracke,Noel_Gibson@yahoo.com,1142145002053843
66a8991287c0e04ce60a26d5,250,Vera McClure,Bonita22@yahoo.com,3874594726496272
66a8991287c0e04ce60a26d6,251,Otis Morissette,Humberto79@gmail.com,8944824066840940
66a8991287c0e04ce60a26d7,252,Miss Gladys Langosh,Benton99@yahoo.com,7108172904700041
66a8991287c0e04ce60a26d8,253,Geneva Kohler,Shany.Purdy48@hotmail.com,4158894382417202
66a8991287c0e04ce60a26d9,254,Adrian Kuhic,Roger.Bergnaum8@yahoo.com,1568088175521956
66a8991287c0e04ce60a26da,255,Dr. Guadalupe Rice Sr.,Johnathon.Runolfsson41@hotmail.com,7332062673651510
66a8991287c0e04ce60a26db,256,Eula Wolf,Neoma61@yahoo.com,1521789301186800
66a8991287c0e04ce60a26dc,257,Joan Ankunding,Korey68@hotmail.com,7297938557134734
66a8991287c0e04ce60a26dd,258,Gilberto Kuhn-Ruecker,Alycia49@yahoo.com,5984961162838671
66a8991287c0e04ce60a26de,259,Mr. Paul Conroy,Carmel1@yahoo.com,4821410388168362
66a8991287c0e04ce60a26df,260,Gerard Ortiz,Stephania7@hotmail.com,9609127715229988
66a8991287c0e04ce60a26e0,261,Dennis Stamm,Broderick_Sipes@gmail.com,4964393741554684
66a8991287c0e04ce60a26e1,262,Evan Oberbrunner,Salvador_Haley46@hotmail.com,6904637091275718
66a8991287c0e04ce60a26e2,263,Norma Vandervort,Jovan12@yahoo.com,8098339933074183
66a8991287c0e04ce60a26e3,264,Robin Hudson,Maribel_Schiller61@gmail.com,8556591201987531
66a8991287c0e04ce60a26e4,265,Raul Stamm,Jerrod_Schmidt81@hotmail.com,1580837933967510
66a8991287c0e04ce60a26e5,266,Otis Schaefer,Alize_Padberg-Lowe35@yahoo.com,6862411451422506
66a8991287c0e04ce60a26e6,267,Kristi Walter-Trantow,Reanna.Bernier@hotmail.com,4542448957347208
66a8991287c0e04ce60a26e7,268,Gretchen Feil,Louie.Gutmann43@gmail.com,7032044078740809
66a8991287c0e04ce60a26e8,269,Jill VonRueden,Mateo95@yahoo.com,2005475829872820
66a8991287c0e04ce60a26e9,270,Phillip McLaughlin,Verna.Huel39@yahoo.com,3128045702146159
66a8991287c0e04ce60a26ea,271,Marilyn Jast,Katelynn63@hotmail.com,8122522648837831
66a8991287c0e04ce60a26eb,272,Bernard Conn,Dorcas89@gmail.com,6493985563930538
66a8991287c0e04ce60a26ec,273,Ramona VonRueden,Flavie34@yahoo.com,1365947984158992
66a8991287c0e04ce60a26ed,274,Sheldon Torp,Jude.Grimes88@gmail.com,3777635743220647
66a8991287c0e04ce60a26ee,275,Debbie Harber,Cindy73@hotmail.com,5248785258995162
66a8991287c0e04ce60a26ef,276,Allison Christiansen,Christina_Hammes@hotmail.com,3841865346249607
66a8991287c0e04ce60a26f0,277,Maxine Altenwerth,Jesus_Reichel92@hotmail.com,6249076136284404
66a8991287c0e04ce60a26f1,278,Tina Glover,Marjory1@yahoo.com,5463590673688385
66a8991287c0e04ce60a26f2,279,Austin Wuckert Jr.,Cortney.Price66@yahoo.com,3557756828765074
66a8991287c0e04ce60a26f3,280,Elena Ryan,Dalton12@hotmail.com,8353259811798731
66a8991287c0e04ce60a26f4,281,Leah Parisian,Paul15@yahoo.com,5877842636158069
66a8991287c0e04ce60a26f5,282,Melody Klein,Drew.Deckow3@hotmail.com,3087420519441366
66a8991287c0e04ce60a26f6,283,Sam Hamill,Jaydon77@hotmail.com,2368450500071049
66a8991287c0e04ce60a26f7,284,Terrence Heller,Aniya.Ernser25@hotmail.com,5509040217018790
66a8991287c0e04ce60a26f8,285,Katherine Davis,Rick_Barrows@hotmail.com,3588119939797454
66a8991287c0e04ce60a26f9,286,Sammy Kertzmann,Lacey_Luettgen90@gmail.com,8037057968063487
66a8991287c0e04ce60a26fa,287,Janie Deckow,Sydnee.Donnelly62@gmail.com,2282633572402927
66a8991287c0e04ce60a26fb,288,Roderick Metz,Heaven.Rice@gmail.com,2013839166611433
66a8991287c0e04ce60a26fc,289,Guillermo Lockman,Makenna66@yahoo.com,2568841611759530
66a8991287c0e04ce60a26fd,290,Caleb Hodkiewicz,Kaycee.Koepp@gmail.com,5938106622132990
66a8991287c0e04ce60a26fe,291,Ruben Jones,Friedrich12@yahoo.com,5167151846819454
66a8991287c0e04ce60a26ff,292,Jermaine Boehm,Webster86@yahoo.com,7223048011461894
66a8991287c0e04ce60a2700,293,Jesus Hermiston,Gerson.Prohaska25@gmail.com,8519810154620144
66a8991287c0e04ce60a2701,294,Nichole Flatley Sr.,Jaida25@hotmail.com,6335571298582686
66a8991287c0e04ce60a2702,295,Emilio Ruecker Jr.,Amira54@gmail.com,2268128622737196
66a8991287c0e04ce60a2703,296,Emilio Willms,Alexandria_Schuster@gmail.com,3471781692157189
66a8991287c0e04ce60a2704,297,Marjorie Dooley,Jayne.Streich@gmail.com,5461910704357756
66a8991287c0e04ce60a2705,298,Nathan Schuster,Tierra_Kreiger@yahoo.com,9191073967764776
66a8991287c0e04ce60a2706,299,Emanuel Conroy II,Lolita.Terry@gmail.com,4866679081072410
66a8991287c0e04ce60a2707,300,Maureen Nolan,Madelyn_Waters@gmail.com,3674196104208628
66a8991287c0e04ce60a2708,301,Ramiro Collins,Ezequiel.Swift99@gmail.com,2578719123784039
66a8991287c0e04ce60a2709,302,Renee Stroman,Tracey8@hotmail.com,8573342704524597
66a8991287c0e04ce60a270a,303,Allison Keebler-Okuneva,Rowland.Tillman-Paucek@hotmail.com,5166108295735386
66a8991287c0e04ce60a270b,304,Armando Halvorson,Edythe.Runolfsson@gmail.com,3417987030827337
66a8991287c0e04ce60a270c,305,Kurt Heidenreich,Giovanna50@yahoo.com,8937118463218212
66a8991287c0e04ce60a270d,306,Lana Gulgowski,Mustafa_Beatty1@yahoo.com,9569812599155638
66a8991287c0e04ce60a270e,307,Constance Cummerata,Kenny.Kuhic@yahoo.com,9790919209933944
66a8991287c0e04ce60a270f,308,Natalie Nicolas,Clarabelle.Denesik48@gmail.com,1512732549260060
66a8991287c0e04ce60a2710,309,Leland Lemke DVM,Ida51@yahoo.com,6740595803906520
66a8991287c0e04ce60a2711,310,Corey Streich,Jasen98@yahoo.com,3167142280273967
66a8991287c0e04ce60a2712,311,Emily Walker,Charley_Mills27@hotmail.com,1530808121379878
66a8991287c0e04ce60a2713,312,Angela Berge,Irving90@hotmail.com,6124176360252831
66a8991287c0e04ce60a2714,313,Robyn O'Conner,Jazlyn45@yahoo.com,7470741122961044
66a8991287c0e04ce60a2715,314,Norma Kshlerin,Hadley.McDermott36@yahoo.com,9431966129276488
66a8991287c0e04ce60a2716,315,Dwight Paucek,Cielo_Murray20@hotmail.com,8792620379891660
66a8991287c0e04ce60a2717,316,Miss Anne Murazik,Jeramie80@yahoo.com,4825844214194350
66a8991287c0e04ce60a2718,317,Noah Berge,Maximillian.Auer71@gmail.com,6477884385320875
66a8991287c0e04ce60a2719,318,Darrel Hintz,Kyler54@hotmail.com,5024833921343088
66a8991287c0e04ce60a271a,319,Ted Hilll,Gilda.Purdy96@yahoo.com,8072330808887879
66a8991287c0e04ce60a271b,320,Cecil Mraz,Jeffrey.VonRueden@hotmail.com,9546778214474520
66a8991287c0e04ce60a271c,321,Angie Lindgren,Shaun_Schumm8@hotmail.com,5429792195144627
66a8991287c0e04ce60a271d,322,Carmen Haley,Jean79@yahoo.com,5886602906717194
66a8991287c0e04ce60a271e,323,Lydia Jast,Callie_Daniel19@yahoo.com,1164558875477976
66a8991287c0e04ce60a271f,324,Wilma Lindgren,Randal_Quigley@yahoo.com,5753615103248093
66a8991287c0e04ce60a2720,325,Laura Christiansen,Chelsea87@yahoo.com,3825035444978210
66a8991287c0e04ce60a2721,326,Cynthia Bailey,Rhianna_Bashirian19@gmail.com,6540848010530074
66a8991287c0e04ce60a2722,327,Delores Rath-Lockman,Isaac.Lehner19@yahoo.com,8125252262171772
66a8991287c0e04ce60a2723,328,Boyd Pacocha,Kyra.VonRueden@yahoo.com,7505066798379024
66a8991287c0e04ce60a2724,329,Erick Kuvalis,Kennith.Lueilwitz@gmail.com,2994647433774339
66a8991287c0e04ce60a2725,330,Jean Steuber,Ara_Ondricka@gmail.com,6696874288221200
66a8991287c0e04ce60a2726,331,Miss Rachel Christiansen,Kennedi_Gusikowski1@hotmail.com,3199647795408964
66a8991287c0e04ce60a2727,332,Eloise Swift DDS,Casper.Murphy@yahoo.com,2378870062530041
66a8991287c0e04ce60a2728,333,Richard Flatley,Vesta61@hotmail.com,3767721340474155
66a8991287c0e04ce60a2729,334,Ann Adams-Stroman,Leanna18@yahoo.com,7340099093400770
66a8991287c0e04ce60a272a,335,Kari Lueilwitz,Olin_Jacobs65@hotmail.com,4830650049779150
66a8991287c0e04ce60a272b,336,Rosa Buckridge,Ross.Rowe@yahoo.com,5367167577561405
66a8991287c0e04ce60a272c,337,Marcia Lakin,Jaquan_Nicolas25@yahoo.com,7739851940423250
66a8991287c0e04ce60a272d,338,Maggie Walsh,Nico.Collins63@gmail.com,4924718648609188
66a8991287c0e04ce60a272e,339,Audrey Becker,Polly70@yahoo.com,7533547607147031
66a8991287c0e04ce60a272f,340,Courtney Pouros,Sonia64@yahoo.com,9994414901981752
66a8991287c0e04ce60a2730,341,Adrian Macejkovic,Jalon_Heaney@hotmail.com,2839117362681362
66a8991287c0e04ce60a2731,342,Ernesto Price,Pietro.Deckow18@hotmail.com,5259151313867834
66a8991287c0e04ce60a2732,343,Suzanne Bauch,Woodrow_Hermiston@yahoo.com,1849770187917682
66a8991287c0e04ce60a2733,344,Judith Balistreri,Adriel6@hotmail.com,8899542738993963
66a8991287c0e04ce60a2734,345,Dr. Paula Haley,Maurine79@gmail.com,8052597766121229
66a8991287c0e04ce60a2735,346,Jaime Keebler,Adah77@yahoo.com,5817845989432600
66a8991287c0e04ce60a2736,347,Sonya Rodriguez I,Erika.Fritsch45@yahoo.com,7520722548166911
66a8991287c0e04ce60a2737,348,Johnnie Kuhlman,Lavada52@hotmail.com,6059987402210633
66a8991287c0e04ce60a2738,349,Dr. Albert Bednar V,Ross34@hotmail.com,3169365125811762
66a8991287c0e04ce60a2739,350,Glen Rutherford,Franco38@yahoo.com,7693096273061302
66a8991287c0e04ce60a273a,351,Philip Mertz,Kareem_Sanford24@gmail.com,6821581139746639
66a8991287c0e04ce60a273b,352,David Schmitt IV,Zoie86@yahoo.com,1618239573306507
66a8991287c0e04ce60a273c,353,Raymond Mayert,Lewis81@hotmail.com,3391711894008848
66a8991287c0e04ce60a273d,354,Terrence Becker,Halle.Littel23@yahoo.com,6894097928371694
66a8991287c0e04ce60a273e,355,Isaac Conn,Madelyn81@gmail.com,6512933613525497
66a8991287c0e04ce60a273f,356,Marion Ward,Kari71@yahoo.com,4356385088629192
66a8991287c0e04ce60a2740,357,Harriet Stehr,Neal_Torphy23@gmail.com,4506711196154356
66a8991287c0e04ce60a2741,358,Evelyn Bayer,Garnett.Baumbach93@gmail.com,1544420855740706
66a8991287c0e04ce60a2742,359,Harold Kertzmann MD,Magdalena.Grimes@hotmail.com,7681780397478077
66a8991287c0e04ce60a2743,360,Dr. Esther Hilpert,Brooke_Mayert@gmail.com,8101760006199280
66a8991287c0e04ce60a2744,361,Aaron Ritchie,Yesenia_Brekke@gmail.com,4070527657038635
66a8991287c0e04ce60a2745,362,Kristina Schimmel,Vernon72@yahoo.com,3484551776200533
66a8991287c0e04ce60a2746,363,Mathew Jakubowski IV,Joelle_Hickle50@hotmail.com,6437295493152406
66a8991287c0e04ce60a2747,364,Adrienne Crist,Katarina.Sporer54@yahoo.com,5762819509125418
66a8991287c0e04ce60a2748,365,Christopher Kassulke Sr.,Erick_OKeefe-Veum70@gmail.com,8945020404126909
66a8991287c0e04ce60a2749,366,Kevin Von,Alyson98@gmail.com,6849994851897160
66a8991287c0e04ce60a274a,367,Monica Feil,Gilberto_Gulgowski@yahoo.com,8439432293590572
66a8991287c0e04ce60a274b,368,Wanda Kerluke,Matt_Wiza79@yahoo.com,3081917624092764
66a8991287c0e04ce60a274c,369,Mr. Jim Daugherty,Margret.Mills37@yahoo.com,6757093442396985
66a8991287c0e04ce60a274d,370,Rolando Quigley,Westley.Batz78@yahoo.com,3001079743521081
66a8991287c0e04ce60a274e,371,Dr. Warren Russel,Stephanie.Murphy@gmail.com,3276794846687052
66a8991287c0e04ce60a274f,372,Leslie Crona,Simeon.Spencer@gmail.com,4061988298263814
66a8991287c0e04ce60a2750,373,Blanche Harber,Elna.Bernier@gmail.com,3572065507372220
66a8991287c0e04ce60a2751,374,Amelia Auer,Irwin.King0@yahoo.com,1598594244569540
66a8991287c0e04ce60a2752,375,Devin Veum,Joannie.Stokes@gmail.com,4994452276991473
66a8991287c0e04ce60a2753,376,Gene MacGyver,Stephania.Lueilwitz@hotmail.com,8150949865165684
66a8991287c0e04ce60a2754,377,Misty Gleason PhD,Anastasia84@yahoo.com,6423163128395875
66a8991287c0e04ce60a2755,378,Anthony Hansen,Rhea_Adams@yahoo.com,9274060142536958
66a8991287c0e04ce60a2756,379,Morris Schmeler,Elmore58@gmail.com,5764684068659941
66a8991287c0e04ce60a2757,380,Bonnie Sipes,Cody_Boyer@hotmail.com,3940703225218587
66a8991287c0e04ce60a2758,381,Tiffany Fisher,Eliza_Rippin65@gmail.com,7349414517068201
66a8991287c0e04ce60a2759,382,Ronald Miller,Joannie42@yahoo.com,5811046459194687
66a8991287c0e04ce60a275a,383,Tomas Hoppe,Maude.Zulauf33@gmail.com,8663544079495801
66a8991287c0e04ce60a275b,384,Jean Tromp,Lula.Morar88@hotmail.com,9179972824123172
66a8991287c0e04ce60a275c,385,Russell Hartmann,Stephan98@yahoo.com,7123528549240695
66a8991287c0e04ce60a275d,386,Chester Mueller,Burnice_Lindgren@yahoo.com,5188490299301015
66a8991287c0e04ce60a275e,387,Louis Leffler,Dillan_Beatty84@yahoo.com,6926550190481875
66a8991287c0e04ce60a275f,388,Roger Huels,Trisha_Zulauf18@yahoo.com,2177213713940647
66a8991287c0e04ce60a2760,389,Naomi Carter II,Assunta_Bahringer@hotmail.com,7650005347612831
66a8991287c0e04ce60a2761,390,Josh Fisher,Corene_Kilback74@gmail.com,5820370871159765
66a8991287c0e04ce60a2762,391,Corey Watsica,Lucile25@hotmail.com,4837826502819856
66a8991287c0e04ce60a2763,392,Garry Huels,Rhett0@gmail.com,5533412728044722
66a8991287c0e04ce60a2764,393,Rosemarie Walker,Maureen7@gmail.com,1618869035608238
66a8991287c0e04ce60a2765,394,Gwen Leuschke-Ledner Sr.,Bernice_Emmerich@yahoo.com,9497378253274494
66a8991287c0e04ce60a2766,395,Ricky Johnston-Bayer,Noemie.Medhurst@hotmail.com,1566346368441979
66a8991287c0e04ce60a2767,396,Don Hackett,Dorris.Cronin@hotmail.com,6252648954590162
66a8991287c0e04ce60a2768,397,Marco Batz,Verona.Torp@hotmail.com,8139474919686715
66a8991287c0e04ce60a2769,398,Mildred Mann,Woodrow58@hotmail.com,2422776371240616
66a8991287c0e04ce60a276a,399,Ana Franey,Herminio16@gmail.com,5049489575127760
66a8991287c0e04ce60a276b,400,Ida Huel,Antonia58@gmail.com,8319532604267200
66a8991287c0e04ce60a276c,401,Willie Predovic,Aaron.Dietrich@gmail.com,3303345178978310
66a8991287c0e04ce60a276d,402,Sophia Becker,Alvah_Trantow9@hotmail.com,2111924828754531
66a8991287c0e04ce60a276e,403,Dr. Dixie Kuvalis,Sophie69@hotmail.com,6262322513179647
66a8991287c0e04ce60a276f,404,Sheri Runte,Antone_Botsford87@yahoo.com,6252166268726190
66a8991287c0e04ce60a2770,405,Christy Cummings,Dayne67@yahoo.com,2049223679221338
66a8991287c0e04ce60a2771,406,Ella Bayer,Mellie12@gmail.com,5929064996954468
66a8991287c0e04ce60a2772,407,Lila Maggio-Pacocha,Lafayette.Johns41@gmail.com,4550024486250348
66a8991287c0e04ce60a2773,408,Derrick Metz,Hortense_Paucek84@hotmail.com,8993921159870095
66a8991287c0e04ce60a2774,409,Marguerite Bartell,Gavin.Schultz10@gmail.com,5929018430825737
66a8991287c0e04ce60a2775,410,Irene Douglas IV,Ryleigh_Rogahn8@hotmail.com,5037676830672556
66a8991287c0e04ce60a2776,411,Lloyd Okuneva,Jennie51@hotmail.com,1668805179910527
66a8991287c0e04ce60a2777,412,Oliver Stracke-Medhurst,Shayna_West15@yahoo.com,4523870980160104
66a8991287c0e04ce60a2778,413,Christy Bednar,Jeff_Effertz-Zieme@yahoo.com,4701225411974722
66a8991287c0e04ce60a2779,414,Omar Hintz,Tierra_Adams@gmail.com,4954979543884595
66a8991287c0e04ce60a277a,415,Esther Green,Sammy75@hotmail.com,3198685952358775
66a8991287c0e04ce60a277b,416,Tomas Wilderman,Camren63@gmail.com,3513142810099654
66a8991287c0e04ce60a277c,417,Olivia Tromp,Dallin_OKeefe@gmail.com,4174026337762673
66a8991287c0e04ce60a277d,418,Gary Bartoletti,Reid25@yahoo.com,2955866447753376
66a8991287c0e04ce60a277e,419,Anthony Hilll,Bria62@yahoo.com,9686840466327136
66a8991287c0e04ce60a277f,420,Dr. Sadie Gusikowski,Lily.Marquardt@hotmail.com,2310429463783900
66a8991287c0e04ce60a2780,421,Lindsay Boyer,Dale_Senger40@yahoo.com,7243362356805139
66a8991287c0e04ce60a2781,422,Wilbert Schuppe,Neil19@yahoo.com,3461213273306687
66a8991287c0e04ce60a2782,423,Mr. Sam Harris Jr.,Kaden_Grady@yahoo.com,5819570759518279
66a8991287c0e04ce60a2783,424,Chris Spencer,Sandrine18@yahoo.com,9924546039352814
66a8991287c0e04ce60a2784,425,Thelma Effertz,Rhiannon35@yahoo.com,7824609966741668
66a8991287c0e04ce60a2785,426,Hazel Haag,Glenna_Abernathy28@yahoo.com,9423047337267134
66a8991287c0e04ce60a2786,427,Larry Keebler,Roman_Ziemann46@yahoo.com,7163353868656688
66a8991287c0e04ce60a2787,428,Jamie Rau,Adonis78@yahoo.com,2298365243607097
66a8991287c0e04ce60a2788,429,Miss Rita Lang,Petra.MacGyver54@yahoo.com,3638845680074559
66a8991287c0e04ce60a2789,430,Russell Boyer,Brant_Hansen80@hotmail.com,8446608454816871
66a8991287c0e04ce60a278a,431,Lynn Shanahan,Alyce.Koelpin@yahoo.com,1841709533085425
66a8991287c0e04ce60a278b,432,Lionel Boehm,Jalen26@hotmail.com,6778218597173691
66a8991287c0e04ce60a278c,433,Shelia Weber,Terrance.Lebsack@yahoo.com,2355519417259428
66a8991287c0e04ce60a278d,434,Lila Gislason-Stracke,Manuela.Roob-Fay@gmail.com,3272276253749927
66a8991287c0e04ce60a278e,435,Dr. Kim Jast,Krystel23@gmail.com,3298065474049912
66a8991287c0e04ce60a278f,436,Edmund Gorczany,Joseph_Fay88@yahoo.com,9408688758396440
66a8991287c0e04ce60a2790,437,Byron Grimes,Magnus51@gmail.com,8393084226797024
66a8991287c0e04ce60a2791,438,Judith Stamm,Brenda68@hotmail.com,8621371144221889
66a8991287c0e04ce60a2792,439,Felipe Kertzmann,Cristian.Grady75@gmail.com,6255187187343836
66a8991287c0e04ce60a2793,440,Miss Marcia Waters,Johnson51@gmail.com,5017652321192954
66a8991287c0e04ce60a2794,441,Allan Mosciski,Marques.Armstrong38@hotmail.com,9436933787332640
66a8991287c0e04ce60a2795,442,Zachary Goldner,Coralie_Schuster@hotmail.com,4932320614655812
66a8991287c0e04ce60a2796,443,Emily Cartwright,Haskell_Bins@yahoo.com,3938032394895951
66a8991287c0e04ce60a2797,444,Glen Hilpert,Linda.Hodkiewicz60@hotmail.com,6463206462148163
66a8991287c0e04ce60a2798,445,Eileen Gutkowski,Gonzalo.Casper@hotmail.com,1724158740705914
66a8991287c0e04ce60a2799,446,Mr. Dallas Brekke,Dexter_Pfeffer@yahoo.com,3437633009420501
66a8991287c0e04ce60a279a,447,Mr. Jan Welch,Kaitlin31@gmail.com,3223819846494330
66a8991287c0e04ce60a279b,448,Wesley Erdman,Laura76@gmail.com,3672464109129376
66a8991287c0e04ce60a279c,449,Eduardo Bailey,Kristian.Fay@gmail.com,9480936920477284
66a8991287c0e04ce60a279d,450,Myra Ward,Patrick.Reichel14@gmail.com,2791511772407426
66a8991287c0e04ce60a279e,451,Amos Luettgen,Ryder.Parker0@hotmail.com,4834184810105297
66a8991287c0e04ce60a279f,452,Norma Goldner,Jarret32@gmail.com,5555116215513812
66a8991287c0e04ce60a27a0,453,Lillie Bauch,Dean_Shields25@yahoo.com,5633757878094912
66a8991287c0e04ce60a27a1,454,Kimberly Hand,Evan_Becker@yahoo.com,7902248046464390
66a8991287c0e04ce60a27a2,455,Juan Cronin,Thora_Lynch6@gmail.com,6164970627675454
66a8991287c0e04ce60a27a3,456,Betsy Schoen,Halle.Koss@gmail.com,8896915068229039
66a8991287c0e04ce60a27a4,457,Marlon Predovic,Jennyfer67@yahoo.com,2126756353924671
66a8991287c0e04ce60a27a5,458,Jim Borer,Janiya_Mohr@gmail.com,2922235309249825
66a8991287c0e04ce60a27a6,459,Bessie MacGyver,Spencer.Jerde@yahoo.com,5213232969658242
66a8991287c0e04ce60a27a7,460,Sonya Hauck,Lawson.Roob@yahoo.com,8019101441734367
66a8991287c0e04ce60a27a8,461,Joel Predovic,Cayla.Schaefer@yahoo.com,5576253295358684
66a8991287c0e04ce60a27a9,462,Ms. Annette Daniel,Yolanda7@gmail.com,7611105750418372
66a8991287c0e04ce60a27aa,463,Clayton Denesik,Charlie73@gmail.com,4568117695550124
66a8991287c0e04ce60a27ab,464,Mathew Hansen-Beatty,Johann_Murray@yahoo.com,9299993999302388
66a8991287c0e04ce60a27ac,465,Boyd Keebler,Kitty.Rutherford@gmail.com,4474984434329801
66a8991287c0e04ce60a27ad,466,Johanna Schuster,Ramiro_Deckow@yahoo.com,6033189867933591
66a8991287c0e04ce60a27ae,467,Leigh Halvorson,Aracely_Bernhard62@yahoo.com,9004312379078733
66a8991287c0e04ce60a27af,468,Winston Rath MD,Gerhard_Bauch49@hotmail.com,6524575172613064
66a8991287c0e04ce60a27b0,469,Merle Hahn,Travon_Keeling49@yahoo.com,8546588677499029
66a8991287c0e04ce60a27b1,470,Crystal Flatley,Anderson_Renner@hotmail.com,1982437624699539
66a8991287c0e04ce60a27b2,471,Ms. Carrie Zemlak,Jany_Casper37@yahoo.com,6535642724484205
66a8991287c0e04ce60a27b3,472,Miss Jeannie Rosenbaum,Carolyn_Schinner-Morissette@gmail.com,5141090605821874
66a8991287c0e04ce60a27b4,473,Marshall Reinger,Myrtle.Carroll39@hotmail.com,6237793010142114
66a8991287c0e04ce60a27b5,474,Melba Upton,Dillan.Quigley@gmail.com,8726257576296727
66a8991287c0e04ce60a27b6,475,Agnes Bogisich,Taurean_Kerluke@hotmail.com,2109735699163542
66a8991287c0e04ce60a27b7,476,Kathleen Gleichner III,Mellie.Bashirian30@yahoo.com,2940394650730822
66a8991287c0e04ce60a27b8,477,Florence Ullrich Sr.,Ransom93@hotmail.com,7282534721824858
66a8991287c0e04ce60a27b9,478,Vicky Lowe,Nathanial93@gmail.com,2628296504004134
66a8991287c0e04ce60a27ba,479,Terry Hermiston,Rosalinda69@hotmail.com,8818654117898809
66a8991287c0e04ce60a27bb,480,Debbie Murazik,Shea26@gmail.com,5361297604524427
66a8991287c0e04ce60a27bc,481,Dr. Angelo Kihn I,Rex50@hotmail.com,2115006014290783
66a8991287c0e04ce60a27bd,482,Isaac Marvin,Lucinda_Fritsch@yahoo.com,1247861358440584
66a8991287c0e04ce60a27be,483,Zachary Dooley,Ara.Zulauf87@hotmail.com,3591374997049570
66a8991287c0e04ce60a27bf,484,Frances Cruickshank IV,Griffin_Leuschke-Heller@hotmail.com,5591688642485274
66a8991287c0e04ce60a27c0,485,Wallace Casper DVM,Yolanda43@gmail.com,7436403623885579
66a8991287c0e04ce60a27c1,486,Diana Yundt,Jordyn.Zulauf@gmail.com,8401010154436032
66a8991287c0e04ce60a27c2,487,Lester Jenkins Sr.,Breana.Champlin@hotmail.com,6774977892637253
66a8991287c0e04ce60a27c3,488,Edwin Monahan,Lemuel57@hotmail.com,3796245519899659
66a8991287c0e04ce60a27c4,489,Josh Swaniawski,Sheldon86@gmail.com,6411729885472192
66a8991287c0e04ce60a27c5,490,Paul Dickens,Therese_Ferry@gmail.com,2248439271416929
66a8991287c0e04ce60a27c6,491,Mr. Damon Bailey,Doyle.Fadel@hotmail.com,3296191913800107
66a8991287c0e04ce60a27c7,492,Deborah Marquardt,Letitia_Keebler@gmail.com,4284284832990831
66a8991287c0e04ce60a27c8,493,Tammy Franey,Wallace28@gmail.com,9014666502674420
66a8991287c0e04ce60a27c9,494,Taylor Glover,Pansy.Berge@hotmail.com,8352585112055143
66a8991287c0e04ce60a27ca,495,Frank Donnelly,Amparo.Labadie14@gmail.com,1537857771747642
66a8991287c0e04ce60a27cb,496,Drew Medhurst,Maureen.Bayer27@gmail.com,4842814635485410
66a8991287c0e04ce60a27cc,497,Pam Hettinger-Kilback,Irma_Kulas@yahoo.com,2785986649493376
66a8991287c0e04ce60a27cd,498,Harry Strosin,Demetris.Price@gmail.com,7152876315845384
66a8991287c0e04ce60a27ce,499,Willie Casper,Suzanne88@yahoo.com,3692406322807073
66a8991287c0e04ce60a27cf,500,Cameron Gislason DDS,Mavis.Braun6@gmail.com,2277675767739614
66a8991287c0e04ce60a27d0,501,Mr. Tommy Marquardt,Kari_Jacobi@gmail.com,5561752027521530
66a8991287c0e04ce60a27d1,502,Willis Morar,Kay.Shields-Marvin92@yahoo.com,6684030631764068
66a8991287c0e04ce60a27d2,503,Gail Aufderhar,Shea.Labadie77@yahoo.com,3729865877992577
66a8991287c0e04ce60a27d3,504,Jessie Bashirian,Berenice88@yahoo.com,9996528743455808
66a8991287c0e04ce60a27d4,505,Carole Fadel,Else33@yahoo.com,5880534566111035
66a8991287c0e04ce60a27d5,506,Ruben Bogisich,Cecilia13@yahoo.com,5606105027513372
66a8991287c0e04ce60a27d6,507,Julius Schmidt,Eleazar.Jakubowski@yahoo.com,7956071160733700
66a8991287c0e04ce60a27d7,508,Lorenzo Johnson Jr.,Rashawn59@hotmail.com,8483969132519431
66a8991287c0e04ce60a27d8,509,Dr. Jo Miller,Randy.Smith52@yahoo.com,4905579733765788
66a8991287c0e04ce60a27d9,510,Charlotte Miller,Nellie31@yahoo.com,3821641929033729
66a8991287c0e04ce60a27da,511,Christian Cartwright,Dawson48@yahoo.com,4944265695909659
66a8991287c0e04ce60a27db,512,Mr. Matt Hoppe-Rolfson,Harold58@yahoo.com,8553498221768273
66a8991287c0e04ce60a27dc,513,Maxine Gislason,Magdalena36@hotmail.com,8805631748918030
66a8991287c0e04ce60a27dd,514,Mr. Glenn Hand,Alfreda_Feest@hotmail.com,1873253774311807
66a8991287c0e04ce60a27de,515,Mrs. Latoya Gislason,Elsie.Kerluke@yahoo.com,4816044248226616
66a8991287c0e04ce60a27df,516,Chester Langworth,Natalia40@gmail.com,8301405724551943
66a8991287c0e04ce60a27e0,517,Jeanette Ullrich Jr.,Rasheed53@hotmail.com,7612108998000622
66a8991287c0e04ce60a27e1,518,Wesley Kshlerin,Zechariah.McCullough@gmail.com,8362825922667980
66a8991287c0e04ce60a27e2,519,Eva Hamill,Jovanny.Carter@hotmail.com,7668090930415524
66a8991287c0e04ce60a27e3,520,Mr. Simon Harber,Loma.Hills@hotmail.com,3019328398836983
66a8991287c0e04ce60a27e4,521,Stephen Mann DVM,Orrin92@gmail.com,3026554478953282
66a8991287c0e04ce60a27e5,522,Clifford Crist,Fay81@gmail.com,5969428552521600
66a8991287c0e04ce60a27e6,523,Carlton McKenzie,Domenico.Dickinson82@gmail.com,8919454678479168
66a8991287c0e04ce60a27e7,524,Katie Greenfelder,Arch_Littel@hotmail.com,4956577873478333
66a8991287c0e04ce60a27e8,525,Randall Walter,Keely14@gmail.com,2090651413632763
66a8991287c0e04ce60a27e9,526,Viola Ullrich,Gerson87@gmail.com,1224641336335076
66a8991287c0e04ce60a27ea,527,Virginia Ziemann,Adolf16@yahoo.com,1616989343116680
66a8991287c0e04ce60a27eb,528,Michael Mueller,Kayley.Reichel@gmail.com,4179784779747327
66a8991287c0e04ce60a27ec,529,Krystal Franecki,Jerod.Dicki76@hotmail.com,8358833032349745
66a8991287c0e04ce60a27ed,530,Omar Herzog I,Reed_Feest40@yahoo.com,1740689271440108
66a8991287c0e04ce60a27ee,531,Teresa Pfannerstill-Gottlieb III,Megane68@yahoo.com,8494978100061417
66a8991287c0e04ce60a27ef,532,Samantha Schoen,Price45@hotmail.com,3627628011422025
66a8991287c0e04ce60a27f0,533,Bradford Haag,Domenico.Morissette@gmail.com,3698918593840466
66a8991287c0e04ce60a27f1,534,Esther Littel,Bennie_Johnson49@yahoo.com,3191748809897237
66a8991287c0e04ce60a27f2,535,Iris Beier,Madie_Schoen90@hotmail.com,4294946435838937
66a8991287c0e04ce60a27f3,536,Sergio Brakus,Katherine.Bergstrom78@hotmail.com,1795815868924061
66a8991287c0e04ce60a27f4,537,Irving Jacobi-Hickle,Michael30@hotmail.com,6010213324593173
66a8991287c0e04ce60a27f5,538,Timothy Senger,Breanna56@gmail.com,2342622050394614
66a8991287c0e04ce60a27f6,539,Faith Beahan,Weldon91@hotmail.com,4098349716514349
66a8991287c0e04ce60a27f7,540,Sarah Jacobs,Bria.Berge37@gmail.com,2908260509785678
66a8991287c0e04ce60a27f8,541,Bernice McClure,Deondre_Medhurst70@yahoo.com,3283219240191910
66a8991287c0e04ce60a27f9,542,Rodolfo Schulist,Ana28@gmail.com,8123414605442021
66a8991287c0e04ce60a27fa,543,Ms. Irma Graham,Penelope_Lueilwitz@gmail.com,2107784886740975
66a8991287c0e04ce60a27fb,544,Dr. Craig Hickle,Noemi3@hotmail.com,7397944103512499
66a8991287c0e04ce60a27fc,545,Harold Mills,Bernardo_Johnson@hotmail.com,4819622114300728
66a8991287c0e04ce60a27fd,546,Marian Metz,Dax24@hotmail.com,4188381096141206
66a8991287c0e04ce60a27fe,547,Lewis Greenfelder,Kathryn_Schaefer58@gmail.com,4743797729412714
66a8991287c0e04ce60a27ff,548,Calvin Gislason,Wava_Bechtelar@hotmail.com,7026029322296381
66a8991287c0e04ce60a2800,549,Bethany Reinger,Josianne_Keebler88@hotmail.com,2929700290163358
66a8991287c0e04ce60a2801,550,Gayle Mraz,Margarett_Krajcik84@yahoo.com,6874945993638701
66a8991287c0e04ce60a2802,551,Mrs. Leticia Kassulke-Kirlin,Cecelia38@hotmail.com,1751010736657513
66a8991287c0e04ce60a2803,552,Marilyn Rowe Sr.,Kathryne.Mayert@gmail.com,4090112505687607
66a8991287c0e04ce60a2804,553,Caleb Bashirian,Abigail.Waters13@gmail.com,6278993460453219
66a8991287c0e04ce60a2805,554,Angelica Fisher,Casimir.Turcotte92@yahoo.com,9722248011579116
66a8991287c0e04ce60a2806,555,Dianne Labadie,Nedra.Rosenbaum@yahoo.com,2791051752865314
66a8991287c0e04ce60a2807,556,Lloyd Mills,Minerva.Carter42@yahoo.com,4192978793548213
66a8991287c0e04ce60a2808,557,Mrs. Linda Abernathy,Geraldine83@hotmail.com,8732511895812220
66a8991287c0e04ce60a2809,558,Dan Feest,Alan_Wilkinson77@hotmail.com,3435526010062959
66a8991287c0e04ce60a280a,559,Kim Block,Cooper.Lubowitz@gmail.com,7142541365077098
66a8991287c0e04ce60a280b,560,Marion Donnelly,Marcellus_Kovacek86@hotmail.com,6158555851628383
66a8991287c0e04ce60a280c,561,Mack Feil,Nicola63@yahoo.com,6439156838589244
66a8991287c0e04ce60a280d,562,Geoffrey Watsica,Grady5@yahoo.com,8566645450062222
66a8991287c0e04ce60a280e,563,Vivian Wilderman,Keeley_Hahn@yahoo.com,4254952455974287
66a8991287c0e04ce60a280f,564,Elisa Gerhold-Bernier,Constance.Kozey38@hotmail.com,2924872162855334
66a8991287c0e04ce60a2810,565,Lucas McClure,Janiya93@hotmail.com,8516994828565253
66a8991287c0e04ce60a2811,566,Wilbur Langworth V,Rudy39@yahoo.com,3008128278371360
66a8991287c0e04ce60a2812,567,Roberta Wuckert Sr.,Alexys52@gmail.com,4539018008444044
66a8991287c0e04ce60a2813,568,Benny Prosacco,Alize.Klocko10@gmail.com,5203375094052818
66a8991287c0e04ce60a2814,569,Kari Lebsack,Aurelia71@yahoo.com,7249916446291738
66a8991287c0e04ce60a2815,570,Nettie Moen,Aliza55@yahoo.com,2125741063306729
66a8991287c0e04ce60a2816,571,Phil Funk,Florian.Jaskolski@yahoo.com,5643748852113883
66a8991287c0e04ce60a2817,572,Elvira Feest,Jennie.Klocko@yahoo.com,2847498185518715
66a8991287c0e04ce60a2818,573,Rosemary Turcotte,Jennifer31@gmail.com,1759917073779636
66a8991287c0e04ce60a2819,574,Lori Schaefer I,Jayne82@hotmail.com,6833888760043515
66a8991287c0e04ce60a281a,575,Diana D'Amore-Considine,Suzanne_Hartmann@gmail.com,8455924019217491
66a8991287c0e04ce60a281b,576,Nellie Will,Kody83@gmail.com,7442329165836175
66a8991287c0e04ce60a281c,577,Preston Blanda,Sigmund.Tillman@yahoo.com,9925683505005308
66a8991287c0e04ce60a281d,578,Jack Johnston,Burdette_Harber82@hotmail.com,7885102619313531
66a8991287c0e04ce60a281e,579,Clara Skiles-Armstrong,Rosalind.Conn18@hotmail.com,4551893127047354
66a8991287c0e04ce60a281f,580,Mack Torp,Jonathon26@gmail.com,7291705802910858
66a8991287c0e04ce60a2820,581,Mrs. Terri Gutkowski,Annie.Herman25@gmail.com,8143511060625315
66a8991287c0e04ce60a2821,582,Miss Pauline Swift,Cristian48@hotmail.com,2455674368474218
66a8991287c0e04ce60a2822,583,Alonzo Botsford,Joesph.Kunze77@yahoo.com,6118121697670884
66a8991287c0e04ce60a2823,584,Mary Barton-Jones II,Tillman36@gmail.com,1879528334571255
66a8991287c0e04ce60a2824,585,Sandra Zboncak,Jose.Koepp14@yahoo.com,6800988198568424
66a8991287c0e04ce60a2825,586,Ramon Beatty,Misael.Farrell79@hotmail.com,4562612360136376
66a8991287c0e04ce60a2826,587,Hazel Turner,Maximillian88@hotmail.com,6004151977184746
66a8991287c0e04ce60a2827,588,Kerry Will,Delia.Beer23@yahoo.com,8713075719359848
66a8991287c0e04ce60a2828,589,Arnold Daugherty,Ted_Altenwerth27@hotmail.com,6239085187100702
66a8991287c0e04ce60a2829,590,Cindy Kuhic,Alfredo.Cruickshank35@hotmail.com,3340443213366800
66a8991287c0e04ce60a282a,591,Mr. Harold Lakin,Laverna_McLaughlin2@gmail.com,5186187033024099
66a8991287c0e04ce60a282b,592,Kim Weimann Jr.,Toby_Kerluke81@yahoo.com,2883730334126287
66a8991287c0e04ce60a282c,593,Edwin Rodriguez III,Delta.Kessler@gmail.com,1325221982681089
66a8991287c0e04ce60a282d,594,Edmond Mann,Marisol4@gmail.com,4489079918712377
66a8991287c0e04ce60a282e,595,Charlene Ebert,Ben.Mann37@yahoo.com,1892056883209281
66a8991287c0e04ce60a282f,596,Bryan Veum,Rozella.Blanda@hotmail.com,5487301914642254
66a8991287c0e04ce60a2830,597,Mr. Gustavo Leuschke,Kenyatta.Gottlieb@yahoo.com,1843511081404156
66a8991287c0e04ce60a2831,598,Joyce Kuhic,Phyllis_Shanahan-Watsica@hotmail.com,8375451165354914
66a8991287c0e04ce60a2832,599,Monique DuBuque DDS,Lucile45@yahoo.com,6526966931091415
66a8991287c0e04ce60a2833,600,Kristina Will,Rudolph46@yahoo.com,7498676435401042
66a8991287c0e04ce60a2834,601,Malcolm Wintheiser,Kameron.Hudson@yahoo.com,2369682122435834
66a8991287c0e04ce60a2835,602,Naomi Boehm DVM,Chelsey60@gmail.com,9125974848866464
66a8991287c0e04ce60a2836,603,Gregory Satterfield,Kameron.Willms@yahoo.com,4937575281494194
66a8991287c0e04ce60a2837,604,Sally Hermiston,Caden.Bernier@hotmail.com,9677729105783832
66a8991287c0e04ce60a2838,605,Wilbert Donnelly,Mario.Miller26@yahoo.com,6168107895387544
66a8991287c0e04ce60a2839,606,Luz Waelchi,Maud22@yahoo.com,5873779873881075
66a8991287c0e04ce60a283a,607,Sally Friesen,Valentine91@yahoo.com,4134128267566363
66a8991287c0e04ce60a283b,608,Mr. Alvin Dietrich,Kris82@hotmail.com,8217272319727474
66a8991287c0e04ce60a283c,609,Roland Walter,Brant_Treutel19@gmail.com,6444946999351184
66a8991287c0e04ce60a283d,610,Wendell Cruickshank,Edgar_Crona46@hotmail.com,3761869753814406
66a8991287c0e04ce60a283e,611,Hubert Pagac,Timmy_Robel53@yahoo.com,6124312312652667
66a8991287c0e04ce60a283f,612,Alyssa Bauch,Terrance_Russel@hotmail.com,7001542989164591
66a8991287c0e04ce60a2840,613,Ms. Melody Anderson,Chasity32@yahoo.com,1978177020533217
66a8991287c0e04ce60a2841,614,Debbie Bartell,Cristopher_Heaney40@hotmail.com,6901617898709244
66a8991287c0e04ce60a2842,615,Dr. Marc Krajcik,Jordon_Stark@gmail.com,3351606200966570
66a8991287c0e04ce60a2843,616,Margie Bruen,Shea.Prosacco77@yahoo.com,4295622551192840
66a8991287c0e04ce60a2844,617,Mrs. Sharon Hauck,Kiel57@gmail.com,3125691914723979
66a8991287c0e04ce60a2845,618,Kim Fahey,Kirsten.Jenkins94@yahoo.com,9403967201295826
66a8991287c0e04ce60a2846,619,Dr. Mike Leffler,Sid_Cronin-Paucek@yahoo.com,9174822171529134
66a8991287c0e04ce60a2847,620,Irma Gutkowski,Lamar.Marquardt26@yahoo.com,5079546471436818
66a8991287c0e04ce60a2848,621,Natalie Jacobi,Casimer.Batz@gmail.com,9447792785035240
66a8991287c0e04ce60a2849,622,Dana Barrows,Russel74@gmail.com,6910731297814184
66a8991287c0e04ce60a284a,623,Dr. Christian Mayert,Guy.Conn50@gmail.com,7954753558668825
66a8991287c0e04ce60a284b,624,Leo Lind,Natasha_Marvin@gmail.com,7084562010649178
66a8991287c0e04ce60a284c,625,Rodney Ruecker DVM,Mable.Hagenes71@yahoo.com,3048793652819262
66a8991287c0e04ce60a284d,626,Lindsey Kuhn,Gust_Gulgowski@gmail.com,8648829172468848
66a8991287c0e04ce60a284e,627,Kendra Pouros DVM,Hugh21@gmail.com,6152848837276300
66a8991287c0e04ce60a284f,628,Sandy Connelly,Davon_Runolfsdottir@yahoo.com,1910801649921470
66a8991287c0e04ce60a2850,629,Kendra Spencer,Irma_Marquardt@gmail.com,4170190019326077
66a8991287c0e04ce60a2851,630,Rodney Jacobs-Reynolds III,Palma87@hotmail.com,7927649766206741
66a8991287c0e04ce60a2852,631,Ms. Kim Spencer,Burley.Koss98@gmail.com,8180322022073799
66a8991287c0e04ce60a2853,632,Ryan Rowe V,Maryjane.Zboncak52@hotmail.com,5552753230763806
66a8991287c0e04ce60a2854,633,Alonzo Ziemann,Toby69@gmail.com,7913797417034705
66a8991287c0e04ce60a2855,634,Mable Spencer MD,Larry.Aufderhar-Howell@yahoo.com,2476096654103862
66a8991287c0e04ce60a2856,635,Lucia Schaefer III,Nayeli_Bechtelar@hotmail.com,1824778879268301
66a8991287c0e04ce60a2857,636,Naomi Welch,Joan15@gmail.com,5286301684876283
66a8991287c0e04ce60a2858,637,Virginia Schamberger,Keon12@hotmail.com,8102610218856070
66a8991287c0e04ce60a2859,638,Mr. Lonnie Harber,Consuelo66@gmail.com,5850242241803143
66a8991287c0e04ce60a285a,639,Grant Paucek,Shaniya_Parisian-Huels99@yahoo.com,8280650273793273
66a8991287c0e04ce60a285b,640,Hugh Mayert,Lamont_Legros@hotmail.com,7129308972507715
66a8991287c0e04ce60a285c,641,Herbert McGlynn,River83@yahoo.com,4773674282348818
66a8991287c0e04ce60a285d,642,Regina Hamill,Nils.OConner71@hotmail.com,9232392960952388
66a8991287c0e04ce60a285e,643,Toni Pfannerstill Jr.,Elbert.Bode@gmail.com,7299232909248935
66a8991287c0e04ce60a285f,644,Mamie Bruen,Larry.Dooley80@gmail.com,8537550154659483
66a8991287c0e04ce60a2860,645,William Daugherty-VonRueden,Delmer63@hotmail.com,9925823277897304
66a8991287c0e04ce60a2861,646,Darrel Bernier,Rosendo18@hotmail.com,7086049053404066
66a8991287c0e04ce60a2862,647,Troy Bauch,Kayleigh15@hotmail.com,9463206987000174
66a8991287c0e04ce60a2863,648,Thelma Stiedemann,Floy.Beahan17@gmail.com,5591606071425808
66a8991287c0e04ce60a2864,649,Irma Heidenreich,Verla.Borer8@hotmail.com,8849601319266690
66a8991287c0e04ce60a2865,650,Christian Hudson Jr.,Bradly.Koepp@hotmail.com,4442361382146676
66a8991287c0e04ce60a2866,651,Sheila Bednar,Ernestine.Hickle@hotmail.com,6108816166718801
66a8991287c0e04ce60a2867,652,Kelly Kozey,Alvera51@hotmail.com,7853457104000780
66a8991287c0e04ce60a2868,653,Alexis Herzog-Larkin,Kianna.Bayer@hotmail.com,7472685414055983
66a8991287c0e04ce60a2869,654,Tomas Mertz II,Laurianne.Considine47@hotmail.com,7017496406204171
66a8991287c0e04ce60a286a,655,Jodi Rolfson,Ellis.Schinner@yahoo.com,8101181756291125
66a8991287c0e04ce60a286b,656,Dan Bogisich,Michale.Collins@hotmail.com,9277387760165664
66a8991287c0e04ce60a286c,657,Gail Boyle,Julien.Walker85@gmail.com,4681974684612618
66a8991287c0e04ce60a286d,658,Danny Maggio,Sandy_Stark@hotmail.com,1484201072404782
66a8991287c0e04ce60a286e,659,Dr. Geraldine Johns,Zack_Nikolaus77@hotmail.com,5123119913041592
66a8991287c0e04ce60a286f,660,Sean Hane V,Juliana_Satterfield@yahoo.com,9910156722697948
66a8991287c0e04ce60a2870,661,Edgar Heller DVM,Fern_Kilback21@hotmail.com,4978896006941796
66a8991287c0e04ce60a2871,662,Chester Lebsack,Estrella.Gibson@yahoo.com,5186778418719768
66a8991287c0e04ce60a2872,663,Maria Leuschke DDS,Torrance.Beer@gmail.com,2228129748255014
66a8991287c0e04ce60a2873,664,Dr. Harry Dietrich,Anna64@gmail.com,9884103317227628
66a8991287c0e04ce60a2874,665,Faith Goodwin,Brandyn.Franecki@gmail.com,8171647164142794
66a8991287c0e04ce60a2875,666,Emilio Stark,Camron76@yahoo.com,9510016573799980
66a8991287c0e04ce60a2876,667,Dr. Dixie Bayer DDS,Prudence_Beer22@gmail.com,5312277939584520
66a8991287c0e04ce60a2877,668,Belinda Farrell-O'Conner,Christine13@gmail.com,9545146125472254
66a8991287c0e04ce60a2878,669,Clara Sipes,Nathanial_Stehr@gmail.com,1788950831525855
66a8991287c0e04ce60a2879,670,Elaine Borer,Tyrell30@gmail.com,5874204898460044
66a8991287c0e04ce60a287a,671,Caroline Rolfson,Sammie.Pfannerstill85@gmail.com,9770248110095660
66a8991287c0e04ce60a287b,672,Jonathan Robel-Kling DDS,Jada.Roob45@gmail.com,9598728095491728
66a8991287c0e04ce60a287c,673,Victoria Little,Fred.Durgan55@gmail.com,9548814143571588
66a8991287c0e04ce60a287d,674,Brian Hoeger,Bradley.Kerluke@gmail.com,7358072934051355
66a8991287c0e04ce60a287e,675,Billy Larkin-Roberts,Derrick34@yahoo.com,2804495566007164
66a8991287c0e04ce60a287f,676,Dr. Roger Glover,Weston.Kassulke@hotmail.com,8001963928755787
66a8991287c0e04ce60a2880,677,Marc Carter,Cali89@hotmail.com,6154882851988077
66a8991287c0e04ce60a2881,678,Carole Schaefer-Kerluke,Mattie.Hickle8@hotmail.com,8533412607179748
66a8991287c0e04ce60a2882,679,Loretta Sanford,Vada2@yahoo.com,4133211190087927
66a8991287c0e04ce60a2883,680,Mr. Abraham Strosin,Tia.Von@hotmail.com,2592849690053198
66a8991287c0e04ce60a2884,681,Faye Schuster,Verlie_Rosenbaum82@gmail.com,4538333724356360
66a8991287c0e04ce60a2885,682,Tami Lindgren,Evans.Mayert-Labadie@hotmail.com,5907693027208249
66a8991287c0e04ce60a2886,683,Mr. Sheldon Grant,Lambert23@hotmail.com,8937968177100023
66a8991287c0e04ce60a2887,684,Elbert Howell,Consuelo_Koss@gmail.com,5983957517892122
66a8991287c0e04ce60a2888,685,Barbara Rolfson,Noe_Borer@gmail.com,5679167587723997
66a8991287c0e04ce60a2889,686,Johnny Franecki Jr.,Leatha94@gmail.com,6873030763947301
66a8991287c0e04ce60a288a,687,Craig Baumbach,Aniyah33@yahoo.com,4705554669102033
66a8991287c0e04ce60a288b,688,Lola Medhurst,Tatum69@yahoo.com,3983100702365239
66a8991287c0e04ce60a288c,689,Darnell Daugherty,Juanita_Schiller-Collier@hotmail.com,8249358315434721
66a8991287c0e04ce60a288d,690,Sophie Hane,Kristoffer70@yahoo.com,1906145790384875
66a8991287c0e04ce60a288e,691,Teri Bayer,Jovanny38@hotmail.com,8972205935666958
66a8991287c0e04ce60a288f,692,Brooke Sipes,Mariam69@gmail.com,6246335444351037
66a8991287c0e04ce60a2890,693,Delbert Schinner,Precious.Moen@gmail.com,2806350739879740
66a8991287c0e04ce60a2891,694,Sheryl Jaskolski,Freida51@gmail.com,9665352472414572
66a8991287c0e04ce60a2892,695,Lance Spencer-Grimes,Pedro.Raynor@gmail.com,6883663415080971
66a8991287c0e04ce60a2893,696,Ervin Nader Jr.,Charles_Rodriguez74@gmail.com,5466402851872974
66a8991287c0e04ce60a2894,697,Mr. William Trantow,Stephania72@hotmail.com,1560406558629539
66a8991287c0e04ce60a2895,698,Corey Senger,Torrance.Crooks@hotmail.com,8488645017560985
66a8991287c0e04ce60a2896,699,Van Heller DVM,Hazle.Zboncak46@hotmail.com,5989445489313867
66a8991287c0e04ce60a2897,700,Jack Nikolaus,Makenzie_Brakus90@yahoo.com,2701519340690639
66a8991287c0e04ce60a2898,701,Shawna McGlynn,Matteo7@hotmail.com,9539860946436724
66a8991287c0e04ce60a2899,702,Vernon Schowalter,Mireya_McGlynn@gmail.com,9660199025852812
66a8991287c0e04ce60a289a,703,Ms. Mamie Lueilwitz,Otha_Schuster56@hotmail.com,9175261923422416
66a8991287c0e04ce60a289b,704,Mrs. Katherine Cartwright,Emely.Fay21@gmail.com,4221409141189522
66a8991287c0e04ce60a289c,705,Pat Franey,Tamara.Labadie@hotmail.com,9863959873716036
66a8991287c0e04ce60a289d,706,Benjamin Collins,Dasia_Witting@yahoo.com,5003089958594905
66a8991287c0e04ce60a289e,707,Miss Debbie Konopelski,Gretchen97@gmail.com,4921738523989916
66a8991287c0e04ce60a289f,708,Kayla Bartoletti,Shannon99@hotmail.com,8788509757982360
66a8991287c0e04ce60a28a0,709,Glenda Kuhic,Angelita.Kshlerin29@hotmail.com,6446435101744201
66a8991287c0e04ce60a28a1,710,Duane Flatley,Harmon.DuBuque@gmail.com,9780939651860132
66a8991287c0e04ce60a28a2,711,Lynne Bosco-Herzog DDS,Deja_Glover-Mayert@yahoo.com,4608669413460626
66a8991287c0e04ce60a28a3,712,Dr. Peter Schaden-Weissnat,Jeramy64@hotmail.com,3759003776229090
66a8991287c0e04ce60a28a4,713,Bethany Stanton,Nikko53@hotmail.com,4164815629935927
66a8991287c0e04ce60a28a5,714,Peter Hagenes,Haleigh23@gmail.com,4982476735280620
66a8991287c0e04ce60a28a6,715,Rogelio Reichert,Gideon_Will8@yahoo.com,3406462435507112
66a8991287c0e04ce60a28a7,716,Ms. Margaret Trantow,Brayan_Adams@hotmail.com,3158191684633493
66a8991287c0e04ce60a28a8,717,Miss Cecilia Batz,Efrain.Howell@gmail.com,4666685989747444
66a8991287c0e04ce60a28a9,718,Terry Hermiston,Effie.McDermott-Upton@hotmail.com,9765587389055226
66a8991287c0e04ce60a28aa,719,Michele Ebert,Johanna.Wisozk93@hotmail.com,6511669473515616
66a8991287c0e04ce60a28ab,720,Alfonso Lehner,Delphine_Fahey@hotmail.com,9150920408881372
66a8991287c0e04ce60a28ac,721,Priscilla Auer,Bill_Bins@hotmail.com,2950669477383295
66a8991287c0e04ce60a28ad,722,Sally Harvey,Dovie_Harvey@yahoo.com,9435785961233908
66a8991287c0e04ce60a28ae,723,Dr. Don Metz,Quinten_VonRueden@hotmail.com,2353662883655892
66a8991287c0e04ce60a28af,724,Marian Tillman,Hassie.Ritchie@hotmail.com,2869612758772241
66a8991287c0e04ce60a28b0,725,Carrie Mueller-Rice,Denis10@gmail.com,3338326586203442
66a8991287c0e04ce60a28b1,726,Allen Gorczany Jr.,Skylar47@yahoo.com,8977118670526478
66a8991287c0e04ce60a28b2,727,Terrance Ledner,Eda_Tromp90@hotmail.com,6001745977749427
66a8991287c0e04ce60a28b3,728,Norma Bashirian,Jaquan18@yahoo.com,7657282921589083
66a8991287c0e04ce60a28b4,729,Yvonne Dach,Mertie.Batz@hotmail.com,9282385168804064
66a8991287c0e04ce60a28b5,730,Laurence Willms I,Elinor.Pacocha56@hotmail.com,3202772372298770
66a8991287c0e04ce60a28b6,731,Fernando Treutel,Eleanore.Hauck@hotmail.com,5634560998943117
66a8991287c0e04ce60a28b7,732,Tommy Jacobi,Aglae.Howell@gmail.com,9232748312254748
66a8991287c0e04ce60a28b8,733,Brandy Feest,Murray.VonRueden11@hotmail.com,3820727746933698
66a8991287c0e04ce60a28b9,734,Mr. Dale Stamm,Cristopher.Mertz@yahoo.com,5401398191849390
66a8991287c0e04ce60a28ba,735,Mrs. Sonya Rowe,Mitchell_Rempel41@yahoo.com,7565859837664498
66a8991287c0e04ce60a28bb,736,Karen Luettgen,Leonora.Bayer59@hotmail.com,8342304016566939
66a8991287c0e04ce60a28bc,737,Edmund Hammes,Lilyan.Hammes71@yahoo.com,3831311373247040
66a8991287c0e04ce60a28bd,738,Heidi Willms,Alysha62@gmail.com,5243502801491154
66a8991287c0e04ce60a28be,739,Ken Ward,King_Watsica41@gmail.com,6189236295306020
66a8991287c0e04ce60a28bf,740,Alvin Ryan,Zion_Ryan@yahoo.com,7271729842242267
66a8991287c0e04ce60a28c0,741,Alfred Gibson,Norris_Shanahan76@gmail.com,9475518994861180
66a8991287c0e04ce60a28c1,742,Marilyn Goldner,Stefanie_Lockman@yahoo.com,1522190026524994
66a8991287c0e04ce60a28c2,743,Zachary Stehr,Edward_McGlynn45@hotmail.com,1223107385966512
66a8991287c0e04ce60a28c3,744,Derrick Ward IV,Daron.Lubowitz69@yahoo.com,1334147033178144
66a8991287c0e04ce60a28c4,745,Abel Fisher,Henri_Luettgen25@gmail.com,8255649101403024
66a8991287c0e04ce60a28c5,746,Janie Hintz,Hollie13@hotmail.com,7881043752034505
66a8991287c0e04ce60a28c6,747,Lionel Klocko IV,Ross_Kuhn22@yahoo.com,9693473798947202
66a8991287c0e04ce60a28c7,748,Gail Lockman,Hazle6@gmail.com,5264582236607870
66a8991287c0e04ce60a28c8,749,Laurence Douglas,Lowell80@hotmail.com,8745365217328072
66a8991287c0e04ce60a28c9,750,Mable Beer,Dusty_Becker44@yahoo.com,6760167537464036
66a8991287c0e04ce60a28ca,751,Veronica Reinger,Elizabeth_OKeefe@yahoo.com,9773184719185034
66a8991287c0e04ce60a28cb,752,Dr. Dawn Rempel,Josiah_Barton@hotmail.com,5776790070037047
66a8991287c0e04ce60a28cc,753,Ricardo Ledner,Kylee_Crona68@hotmail.com,2421221644100215
66a8991287c0e04ce60a28cd,754,Miguel Purdy,Vada28@gmail.com,4413056882719199
66a8991287c0e04ce60a28ce,755,Carolyn Bode,Idella_OConner56@gmail.com,4149279743432998
66a8991287c0e04ce60a28cf,756,Jane Champlin,Branson_Carroll78@yahoo.com,7853001794881291
66a8991287c0e04ce60a28d0,757,Blanche Corwin MD,Richie60@hotmail.com,5372984187884463
66a8991287c0e04ce60a28d1,758,Myrtle Orn,Felicity92@gmail.com,5731658364335696
66a8991287c0e04ce60a28d2,759,Jessie Bailey,Shyann.Mertz3@gmail.com,3512927958120902
66a8991287c0e04ce60a28d3,760,Charles Schowalter,Raul.OReilly61@hotmail.com,8045567582464880
66a8991287c0e04ce60a28d4,761,Clint Schamberger,Ryder_Prosacco43@gmail.com,2954883236024115
66a8991287c0e04ce60a28d5,762,Donna Armstrong,Lavina_Conn3@hotmail.com,1982305674917168
66a8991287c0e04ce60a28d6,763,Bert Torp,Berneice_Kautzer50@yahoo.com,8997756366928418
66a8991287c0e04ce60a28d7,764,Jessica Crist,Sofia78@hotmail.com,6326194960210058
66a8991287c0e04ce60a28d8,765,Ellen Sawayn,Dewitt.Mohr@yahoo.com,6570850296152963
66a8991287c0e04ce60a28d9,766,Glen Mills,Daija22@gmail.com,4183844259629647
66a8991287c0e04ce60a28da,767,Vivian D'Amore PhD,Dorothea_Strosin4@gmail.com,5922616894046466
66a8991287c0e04ce60a28db,768,Wilfred Walter,Dereck.Kulas41@gmail.com,6995691530820396
66a8991287c0e04ce60a28dc,769,Sheila Funk,Wilburn16@yahoo.com,4189163889322016
66a8991287c0e04ce60a28dd,770,Ron Parisian,Bud_Rempel89@gmail.com,9218246932658884
66a8991287c0e04ce60a28de,771,Ms. Celia Sawayn,Halle32@yahoo.com,7407304247220357
66a8991287c0e04ce60a28df,772,Catherine O'Hara,Ibrahim_Hermann@hotmail.com,9009243220918708
66a8991287c0e04ce60a28e0,773,Marcella Hyatt,Dangelo_Windler18@yahoo.com,4305635042902496
66a8991287c0e04ce60a28e1,774,Gerardo Rogahn,Monserrate.Marks59@yahoo.com,5364391644381814
66a8991287c0e04ce60a28e2,775,Jaime Franecki,Milo53@gmail.com,4411555683861176
66a8991287c0e04ce60a28e3,776,Eugene Mitchell,Izaiah18@yahoo.com,9278813966860374
66a8991287c0e04ce60a28e4,777,Nellie Carter,Estrella_OConnell@yahoo.com,6230054630173577
66a8991287c0e04ce60a28e5,778,Donnie Sporer,Macie61@hotmail.com,1268768844505151
66a8991287c0e04ce60a28e6,779,Alton Mertz,Helen_Wuckert21@hotmail.com,2415437350670496
66a8991287c0e04ce60a28e7,780,Kristine Renner,Lesley_Rempel77@hotmail.com,8131816689338949
66a8991287c0e04ce60a28e8,781,Marion Spencer,Conrad_Bernier37@hotmail.com,6902670731974973
66a8991287c0e04ce60a28e9,782,Clay Tremblay,Shayna.Schaefer-Runolfsson32@yahoo.com,3958225993232594
66a8991287c0e04ce60a28ea,783,Rene Green DDS,Marie91@yahoo.com,3818256513526042
66a8991287c0e04ce60a28eb,784,Laverne Casper,Marianne.Romaguera@yahoo.com,8596004529131783
66a8991287c0e04ce60a28ec,785,Brian Gleichner,Rosalee_Donnelly@yahoo.com,1881181726025210
66a8991287c0e04ce60a28ed,786,Jacquelyn Beatty,Nathanial_Mayer92@hotmail.com,3717447217139933
66a8991287c0e04ce60a28ee,787,Dana Moore I,Delphia_Breitenberg7@hotmail.com,4050282434456878
66a8991287c0e04ce60a28ef,788,Eric Fay,Jamel.Stark@hotmail.com,4650837151954572
66a8991287c0e04ce60a28f0,789,Irving Lueilwitz,Ericka_Swift58@hotmail.com,1974276202834314
66a8991287c0e04ce60a28f1,790,Colleen Blanda-Ward,Avis65@yahoo.com,8893696920325359
66a8991287c0e04ce60a28f2,791,Orlando Sporer,Tess_Ratke-Bartell98@yahoo.com,6157272487050957
66a8991287c0e04ce60a28f3,792,Eloise Nader,Jalon41@yahoo.com,7653090467469560
66a8991287c0e04ce60a28f4,793,Alexander Bosco Sr.,Luciano.Kuhlman97@yahoo.com,8679008076174392
66a8991287c0e04ce60a28f5,794,Alvin Fadel MD,Olin95@yahoo.com,2254338479704327
66a8991287c0e04ce60a28f6,795,Misty Feeney III,Hettie.Jaskolski@yahoo.com,1428848819600211
66a8991287c0e04ce60a28f7,796,Jonathan Blanda,Cayla.Corkery21@hotmail.com,2226434548695882
66a8991287c0e04ce60a28f8,797,Antonio Douglas,Ricky_Macejkovic@gmail.com,7344266335583395
66a8991287c0e04ce60a28f9,798,Emmett Greenfelder,Tyreek.Rath68@yahoo.com,2955460440781381
66a8991287c0e04ce60a28fa,799,Mike Schowalter,Aliyah_Koelpin19@yahoo.com,2326093026333385
66a8991287c0e04ce60a28fb,800,Dr. Debbie Lehner,Zelma37@yahoo.com,4263924815588527
66a8991287c0e04ce60a28fc,801,Jaime Streich,Destiney.Huel@hotmail.com,5514483089662260
66a8991287c0e04ce60a28fd,802,Nicolas McKenzie,Major44@hotmail.com,4808842788139979
66a8991287c0e04ce60a28fe,803,Mr. Geoffrey Treutel,Delia.Fritsch-Senger@hotmail.com,9425201693342792
66a8991287c0e04ce60a28ff,804,Virginia Hoppe,Erika_Lind51@gmail.com,4610099790410863
66a8991287c0e04ce60a2900,805,Susan Lakin Sr.,Golden.Grady50@gmail.com,1438032839861181
66a8991287c0e04ce60a2901,806,Jerry Greenfelder,Madaline80@yahoo.com,7990635581728485
66a8991287c0e04ce60a2902,807,Gayle Turcotte PhD,Marley74@yahoo.com,6599434543814924
66a8991287c0e04ce60a2903,808,Bertha Beahan,June.Leuschke93@gmail.com,1573963893784417
66a8991287c0e04ce60a2904,809,Anita Parker,Friedrich.Douglas73@yahoo.com,1416072988261779
66a8991287c0e04ce60a2905,810,Eunice Kilback,Ida_Pfeffer94@hotmail.com,2090648433400525
66a8991287c0e04ce60a2906,811,Harriet Reinger-Klein,Katelyn_Walker-Batz@hotmail.com,4710338488221168
66a8991287c0e04ce60a2907,812,Dianne Gutkowski,Neoma_Haag70@hotmail.com,9089374974783924
66a8991287c0e04ce60a2908,813,Catherine Strosin,Arjun_Reilly@gmail.com,6094259632130464
66a8991287c0e04ce60a2909,814,Terry Ziemann,Sunny84@gmail.com,7694139281908671
66a8991287c0e04ce60a290a,815,Gerard Sporer,Celia_McKenzie20@yahoo.com,8999820210867458
66a8991287c0e04ce60a290b,816,Lela Haag,Evert.Nitzsche72@yahoo.com,9695378034893008
66a8991287c0e04ce60a290c,817,Kathy Purdy,Ross_OConnell@hotmail.com,4125201317171255
66a8991287c0e04ce60a290d,818,Aaron Shields MD,Diana.Kemmer@hotmail.com,1348283965554502
66a8991287c0e04ce60a290e,819,Marta Ankunding,Dakota63@hotmail.com,4992621313366625
66a8991287c0e04ce60a290f,820,Dr. Luther McDermott,Jerel.Johns30@gmail.com,5856298313786586
66a8991287c0e04ce60a2910,821,Danny Johns Sr.,Tomasa_Thiel@hotmail.com,1169064245704147
66a8991287c0e04ce60a2911,822,Ethel Armstrong,Olga38@gmail.com,1452489039964146
66a8991287c0e04ce60a2912,823,Francis McLaughlin,Raphael_Cummings88@hotmail.com,8534667187680801
66a8991287c0e04ce60a2913,824,Lester Morar,Kristin_Sawayn@gmail.com,8503588011695279
66a8991287c0e04ce60a2914,825,Ms. Sonya Jones,Beulah.Wyman26@yahoo.com,9523521078129608
66a8991287c0e04ce60a2915,826,Adrian Cole,Declan.Welch91@hotmail.com,5205735663572947
66a8991287c0e04ce60a2916,827,Ella Bartoletti,Jessy.Shanahan70@hotmail.com,7784506889681021
66a8991287c0e04ce60a2917,828,Gerardo Mohr II,Leon.Graham58@gmail.com,2073803401241699
66a8991287c0e04ce60a2918,829,Stacy Rowe,Trey.Block29@yahoo.com,6371583284603225
66a8991287c0e04ce60a2919,830,Neil Smitham DDS,Jasen60@gmail.com,6230899786783589
66a8991287c0e04ce60a291a,831,Charlotte Boehm,Danny.Bergstrom18@yahoo.com,2487675510346889
66a8991287c0e04ce60a291b,832,Roman Walsh,Kiara_Kassulke21@gmail.com,4823824543919828
66a8991287c0e04ce60a291c,833,Kelvin Hermann,Niko_Russel55@hotmail.com,6142759912957748
66a8991287c0e04ce60a291d,834,Taylor Abshire,Julie_Cormier29@gmail.com,9135707836184236
66a8991287c0e04ce60a291e,835,Ellis Wiegand,Donny.Schmitt14@yahoo.com,7139076342185338
66a8991287c0e04ce60a291f,836,Angelina Kerluke,Frida_Swaniawski@gmail.com,7809702137278186
66a8991287c0e04ce60a2920,837,Blake Cummerata,Valentina.Smitham91@yahoo.com,9823772267748912
66a8991287c0e04ce60a2921,838,Dr. Clark Okuneva,Kellie.Abshire@hotmail.com,6674003071255154
66a8991287c0e04ce60a2922,839,Morris Mertz PhD,Buford84@hotmail.com,1903712726715538
66a8991287c0e04ce60a2923,840,Jimmy Hoeger,Cecile92@yahoo.com,3580754453109370
66a8991287c0e04ce60a2924,841,Amos Johnston,Leone43@yahoo.com,6030107883529531
66a8991287c0e04ce60a2925,842,Lloyd Grant,Milan.Bogan73@gmail.com,8652042711360587
66a8991287c0e04ce60a2926,843,Margarita Satterfield,Marcelino.Vandervort99@hotmail.com,7135674359483851
66a8991287c0e04ce60a2927,844,Marjorie Mohr,Penelope.Powlowski98@yahoo.com,5503228515800502
66a8991287c0e04ce60a2928,845,Sarah Casper,Rigoberto_Kihn@yahoo.com,6465118703328901
66a8991287c0e04ce60a2929,846,Ms. Lynda Bins,Jonatan42@gmail.com,8454066670189301
66a8991287c0e04ce60a292a,847,Margaret Howe,Celestine.Cassin12@gmail.com,4595228286667002
66a8991287c0e04ce60a292b,848,Andre Ratke I,Jasper.Kihn59@hotmail.com,5953707198301951
66a8991287c0e04ce60a292c,849,Shirley Bradtke-Ryan,Anita_Hilll76@yahoo.com,9164024189942412
66a8991287c0e04ce60a292d,850,Hannah Dickinson Sr.,Amina_Lind93@hotmail.com,4557188097387552
66a8991287c0e04ce60a292e,851,Miss Lois Terry,Kelly_Bode50@yahoo.com,7540201168093416
66a8991287c0e04ce60a292f,852,Perry Cremin,Alberto_Williamson80@gmail.com,1531136228392521
66a8991287c0e04ce60a2930,853,Mr. Perry Hoeger,Kaley20@yahoo.com,1780710361070103
66a8991287c0e04ce60a2931,854,Dolores Kiehn,Marilie94@yahoo.com,3943343317757050
66a8991287c0e04ce60a2932,855,Kay Sauer V,Hermann39@gmail.com,8637758402360810
66a8991287c0e04ce60a2933,856,Samuel Goldner,Nolan_Hills@gmail.com,1945621737589438
66a8991287c0e04ce60a2934,857,Mario Moen,Kelly_Lockman80@yahoo.com,5134219759040408
66a8991287c0e04ce60a2935,858,Roman Terry,Kirsten_Hermiston@hotmail.com,2756987379656897
66a8991287c0e04ce60a2936,859,Gladys Feest,Darius15@yahoo.com,8781773284491565
66a8991287c0e04ce60a2937,860,Glenda Kozey,Eriberto63@yahoo.com,2047036350187328
66a8991287c0e04ce60a2938,861,Dominick Gislason,Marion21@gmail.com,3662844792836242
66a8991287c0e04ce60a2939,862,Reginald Braun,Julius.Hartmann@hotmail.com,2554582266343964
66a8991287c0e04ce60a293a,863,Orville Shields Sr.,Dangelo.Schultz@yahoo.com,2756609680751959
66a8991287c0e04ce60a293b,864,Nelson Carroll,Kali81@yahoo.com,1291176908546023
66a8991287c0e04ce60a293c,865,Aaron Aufderhar,Bernita18@gmail.com,7900594284551011
66a8991287c0e04ce60a293d,866,Ada Labadie,Lizzie13@yahoo.com,3210612123625146
66a8991287c0e04ce60a293e,867,Gretchen Gerhold,Fleta61@yahoo.com,8607827447768715
66a8991287c0e04ce60a293f,868,Jon Graham,Brayan43@gmail.com,3079988538391060
66a8991287c0e04ce60a2940,869,Dr. Marilyn Wilderman II,Santa.Walter@hotmail.com,1442712253580490
66a8991287c0e04ce60a2941,870,Terry Stroman,Abbie97@gmail.com,8547540890673796
66a8991287c0e04ce60a2942,871,Robin Klein,Katherine.Anderson-Koch20@yahoo.com,4833227499491638
66a8991287c0e04ce60a2943,872,Samuel Metz,Major_Jakubowski@yahoo.com,7691376699755589
66a8991287c0e04ce60a2944,873,Benjamin Becker,Dulce.Daniel@yahoo.com,9945370194812616
66a8991287c0e04ce60a2945,874,Elizabeth Lemke V,Raegan74@gmail.com,9529838857965336
66a8991287c0e04ce60a2946,875,Tommie Koch-Conroy,Layla52@yahoo.com,7559708681785398
66a8991287c0e04ce60a2947,876,Victor Hessel,Cornelius83@hotmail.com,1683236536466413
66a8991287c0e04ce60a2948,877,Sheri Strosin,Alfreda_Feil38@gmail.com,4963360513663954
66a8991287c0e04ce60a2949,878,Jerald Watsica,Chesley_Schoen49@hotmail.com,9179037598272164
66a8991287c0e04ce60a294a,879,Aaron Tremblay,Vernie_Christiansen@hotmail.com,5636947980771462
66a8991287c0e04ce60a294b,880,Jackie Pacocha,Ned_Bergnaum@hotmail.com,4392441326959265
66a8991287c0e04ce60a294c,881,Wanda Veum,Judge.McGlynn9@hotmail.com,6965260934084654
66a8991287c0e04ce60a294d,882,Leslie Will V,Mariah.Littel@gmail.com,9359743156366878
66a8991287c0e04ce60a294e,883,Lee Sawayn,Parker_Luettgen33@yahoo.com,1282845338185628
66a8991287c0e04ce60a294f,884,Ms. Georgia Conroy-Hane,Asa25@hotmail.com,7796641143245829
66a8991287c0e04ce60a2950,885,Hector Lesch,Aniyah.Padberg@gmail.com,9133366704401044
66a8991287c0e04ce60a2951,886,Mae Schneider,Charlene26@hotmail.com,7444767999566264
66a8991287c0e04ce60a2952,887,Zachary Moore,Hobart17@hotmail.com,8811048993633853
66a8991287c0e04ce60a2953,888,Katrina Medhurst,Brendan36@gmail.com,3000181408392058
66a8991287c0e04ce60a2954,889,Erika Zulauf,Dolly_Haley@hotmail.com,7850251086056232
66a8991287c0e04ce60a2955,890,Robert Gislason,Stephan_Keebler@gmail.com,2184462882578373
66a8991287c0e04ce60a2956,891,Mr. Barry Witting,Rusty_Towne@gmail.com,4429359775450494
66a8991287c0e04ce60a2957,892,Moses Schaefer,Thaddeus_Bruen32@hotmail.com,2091290729327334
66a8991287c0e04ce60a2958,893,Jean Boehm,Heber_Cummings68@yahoo.com,5002537282804648
66a8991287c0e04ce60a2959,894,Ana Bashirian-Padberg,Geovany_DAmore@gmail.com,9248112392508320
66a8991287c0e04ce60a295a,895,Wilma Bayer-Muller,Andreane45@gmail.com,5116989891976118
66a8991287c0e04ce60a295b,896,Otis Kutch,Daphne_Lindgren17@yahoo.com,7028726426263650
66a8991287c0e04ce60a295c,897,Darryl Reinger,Bridie.Kovacek@hotmail.com,8983057190974553
66a8991287c0e04ce60a295d,898,Darlene Wisozk,Amani.Rice@hotmail.com,9723459585673280
66a8991287c0e04ce60a295e,899,Marsha Huel,Norma_Hagenes@yahoo.com,5568390298220846
66a8991287c0e04ce60a295f,900,Dr. Tim Hackett,Leta_Kirlin@gmail.com,1135974164224333
66a8991287c0e04ce60a2960,901,Gail Jast,Devyn35@gmail.com,4974437600208654
66a8991287c0e04ce60a2961,902,Billy Oberbrunner V,Mohammed27@hotmail.com,2023221192260583
66a8991287c0e04ce60a2962,903,Milton Graham MD,Sierra6@hotmail.com,4611838563448853
66a8991287c0e04ce60a2963,904,Rochelle Sanford,Vincent16@hotmail.com,6298574712127447
66a8991287c0e04ce60a2964,905,Hector Hilll V,Eliza65@hotmail.com,7051045412404670
66a8991287c0e04ce60a2965,906,Kate Lockman,Jaylan_Schumm@yahoo.com,8232908128864235
66a8991287c0e04ce60a2966,907,Lorenzo Kunze,Daren.Rice68@yahoo.com,5326520479801628
66a8991287c0e04ce60a2967,908,Dr. Mindy Krajcik,Kaela_Stokes59@hotmail.com,1772109932369656
66a8991287c0e04ce60a2968,909,Elias Hane,Adan.Tremblay@hotmail.com,9712610031581588
66a8991287c0e04ce60a2969,910,Leonard Bechtelar,Gwen.Muller@gmail.com,2238047791437970
66a8991287c0e04ce60a296a,911,Miss Stacy Turner-Conroy,Alfredo75@hotmail.com,6594540437476502
66a8991287c0e04ce60a296b,912,Freda Kassulke-Sanford,Eden_Kunde1@yahoo.com,1731504179123375
66a8991287c0e04ce60a296c,913,Lonnie Schimmel,Will_Sauer31@hotmail.com,2027179801629649
66a8991287c0e04ce60a296d,914,Drew Kuhn,Adell79@yahoo.com,1160984562916888
66a8991287c0e04ce60a296e,915,Charlie Hirthe-Sanford III,Hipolito5@hotmail.com,9227962094462580
66a8991287c0e04ce60a296f,916,Rickey Franecki,Davonte.Toy@hotmail.com,1572577127565940
66a8991287c0e04ce60a2970,917,Boyd Torphy,Tiana_Halvorson@hotmail.com,9669149042003684
66a8991287c0e04ce60a2971,918,Justin Prohaska DVM,Marina16@gmail.com,3586059374113877
66a8991287c0e04ce60a2972,919,Rochelle Mitchell,Kenyatta11@gmail.com,2626106223712365
66a8991287c0e04ce60a2973,920,Jan Hermann II,Lavinia_Maggio@gmail.com,3258342858817842
66a8991287c0e04ce60a2974,921,Dave Shanahan DDS,Sadye_OReilly63@gmail.com,5272094837079446
66a8991287c0e04ce60a2975,922,Austin Kihn,Rahsaan94@gmail.com,4928580750193860
66a8991287c0e04ce60a2976,923,Gilberto Bednar,Jerrold.Schaefer@gmail.com,2840461966892083
66a8991287c0e04ce60a2977,924,Heidi Spinka,Boris_Schaefer@yahoo.com,7742494452330801
66a8991287c0e04ce60a2978,925,Natalie Reichert-O'Kon,Lilyan_Bechtelar@hotmail.com,2981543073223697
66a8991287c0e04ce60a2979,926,Nadine Hessel,Quentin_Robel50@yahoo.com,2455251792238818
66a8991287c0e04ce60a297a,927,Claudia Schmidt,Jordan65@yahoo.com,9687126100891166
66a8991287c0e04ce60a297b,928,Robin Schultz,May62@hotmail.com,2621723343100812
66a8991287c0e04ce60a297c,929,Alicia Brown,Maud.Turner91@hotmail.com,9826665373726024
66a8991287c0e04ce60a297d,930,Keith Fay,Prudence_Hane91@gmail.com,7470540892746713
66a8991287c0e04ce60a297e,931,Renee Dicki,Jewel_Little@hotmail.com,4914324840323792
66a8991287c0e04ce60a297f,932,Vincent Franecki,Franz.Marvin24@gmail.com,3759962843938006
66a8991287c0e04ce60a2980,933,Sonia Stracke,Aracely_Stokes95@hotmail.com,4879277356796794
66a8991287c0e04ce60a2981,934,Karl King,Winnifred.Borer72@hotmail.com,2847517141037517
66a8991287c0e04ce60a2982,935,Lester Walsh,Vanessa87@gmail.com,2822026308212015
66a8991287c0e04ce60a2983,936,Vernon Jaskolski,Damion90@gmail.com,7576651573181152
66a8991287c0e04ce60a2984,937,Kelli Fisher Sr.,Gregoria_Gulgowski43@hotmail.com,7794179047147433
66a8991287c0e04ce60a2985,938,Darrell Wunsch,Hugh74@gmail.com,6889363057497475
66a8991287c0e04ce60a2986,939,Austin Schimmel-Baumbach,Hortense.Erdman@hotmail.com,7826296124193403
66a8991287c0e04ce60a2987,940,Louis Orn,Michelle_Fay@hotmail.com,3689985846479733
66a8991287c0e04ce60a2988,941,Alonzo Conn,Laurine_Bergstrom79@hotmail.com,6866254535400205
66a8991287c0e04ce60a2989,942,Walter Nikolaus PhD,Sharon94@gmail.com,5177602676881684
66a8991287c0e04ce60a298a,943,Janie Boehm I,Domenic_Hahn@yahoo.com,6972772371437814
66a8991287c0e04ce60a298b,944,Erika Oberbrunner,Scotty9@hotmail.com,3562018755409452
66a8991287c0e04ce60a298c,945,Louis Funk,Seth_Denesik@hotmail.com,4035545991112788
66a8991287c0e04ce60a298d,946,Hubert Quitzon,Shanelle.Towne45@gmail.com,6041316696339183
66a8991287c0e04ce60a298e,947,Bennie Morar,Blair33@hotmail.com,7942467499524355
66a8991287c0e04ce60a298f,948,Pamela Weimann,Ivy.Heller38@hotmail.com,6753221315642198
66a8991287c0e04ce60a2990,949,Jana Torphy IV,Cristopher_Von42@gmail.com,7990722962551647
66a8991287c0e04ce60a2991,950,Leticia Daniel,Marshall_Gleichner@hotmail.com,3617948092934158
66a8991287c0e04ce60a2992,951,Rick Kuhlman,Joe75@gmail.com,7140042378256718
66a8991287c0e04ce60a2993,952,Lana Grady,Carlos70@gmail.com,1137046573890580
66a8991287c0e04ce60a2994,953,Dennis Bechtelar,Kaleb_Schinner@yahoo.com,7233526439716419
66a8991287c0e04ce60a2995,954,Antoinette Hilpert,Roderick.Borer0@yahoo.com,2131796839336554
66a8991287c0e04ce60a2996,955,Beth Mayer,Ryley_Bernhard43@yahoo.com,4948372315201494
66a8991287c0e04ce60a2997,956,Emma Ankunding,Chelsie.Steuber79@hotmail.com,5337838574002186
66a8991287c0e04ce60a2998,957,Bradford Cummings,Kelly_Kling-Kris5@gmail.com,4848210219707754
66a8991287c0e04ce60a2999,958,Ken Ritchie,Kennedi69@yahoo.com,4054513557089699
66a8991287c0e04ce60a299a,959,Winston Bosco,Landen_Doyle@yahoo.com,9390371681915388
66a8991287c0e04ce60a299b,960,Mr. Orlando Hartmann,Gideon73@hotmail.com,6836765923847755
66a8991287c0e04ce60a299c,961,Anthony Yundt,Ila.Purdy-Kozey@yahoo.com,8695329698837466
66a8991287c0e04ce60a299d,962,Gayle Koepp,Dolly21@gmail.com,3485238576928774
66a8991287c0e04ce60a299e,963,Noah Effertz,Beverly.Haag34@yahoo.com,4403458070009947
66a8991287c0e04ce60a299f,964,Oscar Wolff,Daija_Schaden@hotmail.com,1176628145492739
66a8991287c0e04ce60a29a0,965,Joyce Thompson,Cindy.Bayer-Hand@hotmail.com,6586955446336004
66a8991287c0e04ce60a29a1,966,Vicki Ziemann,Jonathan_Lindgren@yahoo.com,2816410880121920
66a8991287c0e04ce60a29a2,967,Lester Gusikowski,Libbie.Mante94@gmail.com,9661769066005944
66a8991287c0e04ce60a29a3,968,Nelson Medhurst,Keegan.McClure12@hotmail.com,7618383365786738
66a8991287c0e04ce60a29a4,969,Leland Wyman,Kassandra82@yahoo.com,4217448809908496
66a8991287c0e04ce60a29a5,970,Shawna Dare,Milo85@gmail.com,6590568203892973
66a8991287c0e04ce60a29a6,971,Sally Effertz,Oliver_Halvorson@gmail.com,8658391034437550
66a8991287c0e04ce60a29a7,972,Olga Sauer,Geo.Rice@yahoo.com,5422448383437262
66a8991287c0e04ce60a29a8,973,Noah Thompson,Andres_Fadel@gmail.com,2968589450336165
66a8991287c0e04ce60a29a9,974,Gordon O'Connell,Harmony.Bahringer@hotmail.com,1545285948862632
66a8991287c0e04ce60a29aa,975,Merle Berge,Ottilie.Spinka@yahoo.com,3277501343852944
66a8991287c0e04ce60a29ab,976,Alex Morissette,Tod98@yahoo.com,8481330062366194
66a8991287c0e04ce60a29ac,977,Cheryl Kihn,Silas30@hotmail.com,4012516397568914
66a8991287c0e04ce60a29ad,978,Wesley Hermiston,Quinn_Pfannerstill@yahoo.com,2152364156726333
66a8991287c0e04ce60a29ae,979,Caleb Hilll,Ashlynn.Huel3@hotmail.com,2020962749504380
66a8991287c0e04ce60a29af,980,Wade Lakin,Jacinthe.Muller@hotmail.com,5624215845018625
66a8991287c0e04ce60a29b0,981,Sally Abbott,Clarabelle5@gmail.com,3467986726512511
66a8991287c0e04ce60a29b1,982,Mrs. Rita Bergnaum,Elaina74@yahoo.com,5293358388460344
66a8991287c0e04ce60a29b2,983,Sabrina Hills II,Dessie_Smith49@hotmail.com,5722101601875491
66a8991287c0e04ce60a29b3,984,Charlene Armstrong,Eldridge3@yahoo.com,8230014455815156
66a8991287c0e04ce60a29b4,985,Christina Lesch,Imani.Labadie@hotmail.com,4530267094572385
66a8991287c0e04ce60a29b5,986,Max Doyle,Belle30@yahoo.com,9771692320290540
66a8991287c0e04ce60a29b6,987,Nichole MacGyver,Nathanael62@gmail.com,9193509517030584
66a8991287c0e04ce60a29b7,988,Elaine Kreiger,Marilie_Walsh-Romaguera86@gmail.com,7460567369643185
66a8991287c0e04ce60a29b8,989,Jamie Reilly-Gerlach,Jaiden.Borer@yahoo.com,2119063153449032
66a8991287c0e04ce60a29b9,990,Miss Mabel Wiza,Mina.Bartoletti57@gmail.com,2921582214120361
66a8991287c0e04ce60a29ba,991,Christian Schuster,Stevie_Maggio29@yahoo.com,7912643137905333
66a8991287c0e04ce60a29bb,992,Stephanie Yost,Eloise1@hotmail.com,2075390501154793
66a8991287c0e04ce60a29bc,993,Bobbie Zemlak Sr.,Seamus_Hagenes-Bartell97@hotmail.com,1285702149487204
66a8991287c0e04ce60a29bd,994,Shawn McKenzie,Raphaelle_Erdman-Bradtke@yahoo.com,8120123479101393
66a8991287c0e04ce60a29be,995,David Bernhard,Kiley.Boehm9@hotmail.com,8968415117512147
66a8991287c0e04ce60a29bf,996,Ivan Haag,Ettie45@yahoo.com,2940789223131206
66a8991287c0e04ce60a29c0,997,Drew Zieme,Christy_Robel-Hegmann@yahoo.com,5218501763625278
66a8991287c0e04ce60a29c1,998,Mr. Ismael Cummings,Julian.Reichert@hotmail.com,6350332657910056
66a8991287c0e04ce60a29c2,999,Mr. Reginald Huels,Marcus5@hotmail.com,2014775996406873
66a8991287c0e04ce60a29c3,1000,Antonia Mante PhD,Blanca_Reichert89@gmail.com,9981030815591416
